1.0,0.0,1.5270127248640994,0.0,0.0,0.0,0.0,0.0
1.0,0.0,1.5270127248640994,0.021186083660567723,1.0118021929814367,1.188848226944041,0.31291432626671434,0.3016560844945071
1.0,0.0,1.5252840833696564,0.021186083660567723,1.0118021929814367,1.188848226944041,0.31291432626671434,0.3016560844945071
1.0,0.0,1.524810745388283,0.021186083660567723,1.0118021929814367,1.188848226944041,0.31291432626671434,0.3016560844945071
1.0,0.0,1.5243500543496273,0.021186083660567723,1.0118021929814367,1.188848226944041,0.31291432626671434,0.3016560844945071
1.0,0.0,1.5238859042056843,0.021186083660567723,1.0118021929814367,1.188848226944041,0.31291432626671434,0.3016560844945071
1.0,0.0,1.5234154922098662,0.021186083660567723,1.0118021929814367,1.188848226944041,0.31291432626671434,0.3016560844945071
1.0,0.0,1.522941900037999,0.021186083660567723,1.0118021929814367,1.188848226944041,0.31291432626671434,0.3016560844945071
1.0,0.0,1.5224619010416458,0.021186083660567723,1.0118021929814367,1.188848226944041,0.31291432626671434,0.3016560844945071
1.0,0.0,1.5219902122863616,0.021186083660567723,1.0118021929814367,1.188848226944041,0.31291432626671434,0.3016560844945071
1.0,0.0,1.5215167089272679,0.021186083660567723,1.0118021929814367,1.188848226944041,0.31291432626671434,0.3016560844945071
1.0,0.0,1.5210408310679941,0.021186083660567723,1.0118021929814367,1.188848226944041,0.31291432626671434,0.3016560844945071
1.0,0.0,1.5205641418192999,0.021186083660567723,1.0118021929814367,1.188848226944041,0.31291432626671434,0.3016560844945071
1.0,0.0,1.5200883071294173,0.021186083660567723,1.0118021929814367,1.188848226944041,0.31291432626671434,0.3016560844945071
1.0,0.0,1.5195991902029766,0.021186083660567723,1.0118021929814367,1.188848226944041,0.31291432626671434,0.3016560844945071
1.0,0.0,1.5191136964179108,0.021186083660567723,1.0118021929814367,1.188848226944041,0.31291432626671434,0.3016560844945071
1.0,0.0,1.5186283880117228,0.021186083660567723,1.0118021929814367,1.188848226944041,0.31291432626671434,0.3016560844945071
1.0,0.0,1.51813071940182,0.021186083660567723,1.0118021929814367,1.188848226944041,0.31291432626671434,0.3016560844945071
1.0,0.0,1.5176237057334705,0.021186083660567723,1.0118021929814367,1.188848226944041,0.31291432626671434,0.3016560844945071
1.0,0.0,1.5092922065686203,0.020494677188130462,1.0228219434944537,1.182892943454122,0.33883244473012447,0.25891354443147496
1.0,0.0,1.5064088870568557,0.021342798975101145,1.0388042734407097,1.19205585136811,0.36545419963415504,0.2603556190100999
1.0,0.0,1.4961354546215098,0.02070104939959979,1.0788443745699225,1.2178941203696936,0.3760799105304096,0.2593948482134904
1.0,0.0,1.4932025464305778,0.020870248407782368,1.0430392231453265,1.1659641016741225,0.4191781403539883,0.2438241321360529
1.0,0.0,1.4773352822587107,0.020896997042971946,1.155179937974387,1.2508524639965612,0.4513902258196156,0.24302791017342382
1.0,0.0,1.4711921050873555,0.020369354314239224,1.102413547473649,1.2015867075294837,0.5129586729876897,0.22991373095874995
1.0,0.0,1.4504207611942792,0.020404335872455902,1.5797604160994014,1.585287756142273,0.8718992984669021,0.21025870571385738
1.0,0.0,1.4289529975276951,0.02091345204370865,1.941967277137115,1.8200639145772453,0.868954952001064,0.2004665963784519
1.0,0.0,1.4076727403749927,0.020473218648358018,1.5143284221521713,1.4668469036311311,0.7735531025683305,0.195748219133055
1.0,0.0,1.3850569734724336,0.01999737338142277,1.2751122840745948,1.2700552253724886,0.7344524321947165,0.19112502417117608
1.0,0.0,1.3610178245059696,0.020365955761034827,1.0638817284749826,1.094702257156384,0.7201773492619834,0.18998038641215292
1.0,0.0,1.3345978775507092,0.020850500568836184,1.063756293898516,1.1063552554884788,0.7843611205730838,0.18699840923408867
1.0,0.0,1.3074427161802875,0.020459388457126214,1.0517599808358642,1.0878403204907965,0.8195903413271126,0.18479930948337173
1.0,0.0,1.2787061010665204,0.020189074000614732,1.0361929430811747,1.0636110898514268,0.8233892087284177,0.18415928121288463
1.0,0.0,1.2481022734709792,0.02018627389039309,1.045698038285393,1.0757903974833194,0.8808970849042967,0.18368306307402135
1.0,0.0,1.2143252801892659,0.019533669883351937,1.1168556655099098,1.171293803604384,1.0519367338314694,0.18586490227979688
1.0,0.0,1.18029331066179,0.01928501620570145,1.074940079540369,1.0680421980090116,0.9722370731258245,0.18922501045574935
1.0,0.0,1.142869739058107,0.019064165967853458,1.0952524523886495,1.0673622899256399,1.020736924167006,0.19447412656439378
1.0,0.0,1.1023949653352458,0.018883286899277155,1.1056156031729447,1.083024105361136,1.0734453175142349,0.20220971051817668
1.0,0.0,1.0579699900916861,0.018183982532691913,1.27914956687609,1.2475767279088432,1.3233022689528873,0.2115240194826331
1.0,0.0,1.0157501202615833,0.018558042053082008,1.3086079484547293,1.2143008653976368,1.3812435498789029,0.2234525113544021
1.0,0.0,0.9720418498346909,0.018493411932828357,1.0982701558718437,0.9352597620391948,1.0510606666333018,0.22603806457466916
1.0,0.0,0.9271826124159909,0.017957515027471484,1.058222216035245,0.8487403281595641,1.0052091383851494,0.2250701847875357
1.0,0.0,0.8787050274218463,0.017920926129544754,1.0561183941023353,0.7941896798371989,1.0122969109739208,0.2212615915120631
1.0,0.0,0.8320815954917662,0.017640728943085476,1.0979434794414988,0.7587149038218035,1.0735484716773416,0.21488151749087658
1.0,0.0,0.7822619186675471,0.01729002523441018,1.383199441655946,0.738759788837497,1.2908377971142366,0.2131600121947862
1.0,0.0,0.7328187185885681,0.017268645072433163,1.1552039291227703,0.6641668359227705,1.1150378702486534,0.19764144003901818
1.0,0.0,0.6792905092146093,0.01681052939452773,0.9570778689200842,0.6249852608582535,0.9964016326537416,0.19549635479561656
1.0,0.0,0.627928835580347,0.016505996555300426,0.8888426663668819,0.5805402688073474,0.9228442181279771,0.20473964337495865
1.0,0.0,0.5763824112868138,0.016514348586343767,0.8598969791173329,0.5610828152953992,0.913745016881322,0.21071098570911329
1.0,0.0,0.525510954589513,0.01633389196967917,0.8329863916880302,0.5320808139957516,0.9006835685900292,0.206955596916018
1.0,0.0,0.47383666421693466,0.016279663296512134,0.8028568155044417,0.49941523346799416,0.8748043728045901,0.20498030092375355
1.0,0.0,0.4205696279880571,0.015965326646781162,0.7858635241024875,0.4736312993673612,0.8602264955723572,0.20254549485695023
1.0,0.0,0.39685034327926505,0.015691870376221946,0.7750251091517206,0.4522792279038339,0.8565525675706668,0.20089474960307613
1.0,0.0,0.45250890527398147,0.015270192030999236,0.7658049358209722,0.4343437830391004,0.8518992147241922,0.19981012509622761
1.0,0.0,0.5112353935204771,0.014951051656546761,0.761694385505805,0.4192150615952797,0.8494954795264555,0.19871503494518972
1.0,0.0,0.5758232590765336,0.014942180698101932,0.7655350275456179,0.40776988609004694,0.8539017588147283,0.19896038232843796
1.0,0.0,0.6389502298628784,0.014789978822488958,0.7672365347710581,0.3967455419616521,0.8577575618602252,0.19883907384436586
1.0,0.0,0.7029527555022803,0.015160516120140778,0.7589779219982152,0.3812113783374969,0.8474475132295132,0.19930491005764256
1.0,0.0,0.7739879037149588,0.01535855274966388,0.7839959591540929,0.3840776732370719,0.8737108979361733,0.20021474291271646
1.0,0.0,0.8417624681877064,0.015251889749839048,0.7878866694861544,0.37446063126855933,0.8725786524439997,0.20143520963902023
1.0,0.0,0.9113276117783248,0.014965943627900234,0.7652720803712796,0.36094758705073887,0.8452446560325473,0.20314969269903457
1.0,0.0,0.9827290530573474,0.014572983466620684,0.7624057569467553,0.3525044878853086,0.8383758931826927,0.2054419575246939
1.0,0.0,1.0603034928528392,0.014923162916470662,0.7640663115531603,0.3475258605964692,0.8345307612304702,0.2073261970479792
1.0,0.0,1.1375179094181203,0.01506295454286092,0.7726565712623763,0.34570946396279856,0.8365388773443992,0.20916018957674049
1.0,0.0,1.2145338457613843,0.01469797188393438,0.7776854994197058,0.34409693892502674,0.8326157625206391,0.21421959695277937
1.0,0.0,1.2933509009352249,0.014542730491659113,0.7702374460437439,0.3414855445904068,0.8256033960584453,0.22007958179438042
1.0,0.0,1.376437968574928,0.013820909410235456,0.7799130430720755,0.34749350071326957,0.833559983496927,0.22767214951811168
1.0,0.0,1.4541870993987924,0.01347923644967415,0.7933349706233116,0.3521966244404194,0.8376730993757809,0.23507905087956169
1.0,0.0,1.5373709769766795,0.013182271387923354,0.8077975666381974,0.360287882205356,0.8468792934988119,0.24250005219884244
1.0,0.0,1.627890683870043,0.013345619106748393,0.832239161756707,0.36829356257743046,0.8539549374241661,0.25561409177950106
1.0,0.0,1.7128119265730157,0.0134268105031526,0.8573579942337907,0.37486755358842216,0.866496590295069,0.26635482046612724
1.0,0.0,1.796414179145524,0.013357732928920573,0.8905869218524363,0.38554285648973596,0.885156421035555,0.2823783609354238
1.0,0.0,1.8811548593260465,0.013318182393677607,0.885606236582843,0.37935093087651567,0.8383358043248862,0.29835611691902514
1.0,0.0,1.9693120687801078,0.012881728142181827,0.9234496644319343,0.3873726229882207,0.8533400913125648,0.32151718530472456
1.0,0.0,2.048589305538416,0.012860453190609909,0.956788449726547,0.3939501601131038,0.8636002813645313,0.336239019695502
1.0,0.0,2.130460950516734,0.012524027466194384,0.9624751472227581,0.39887823897175473,0.8462658363427437,0.3508115726200209
1.0,0.0,2.2186756297850816,0.011835325764059122,0.9927574464514562,0.41672096152500243,0.8663333190158524,0.36415297722561796
1.0,0.0,2.301214220416198,0.011815744599147006,1.0011175729542188,0.4265495737920779,0.8632429030401555,0.3588597126624065
1.0,0.0,2.3835598855699627,0.011505834290459373,0.9971934359493468,0.4403224739711178,0.8694342640955981,0.35462575564496873
1.0,0.0,2.47425663940774,0.011425186752281113,0.8558096197078829,0.44807236489091035,0.81492443826287,0.26076179282204615
1.0,0.0,2.5557037427979856,0.010754194961645203,0.8400427722790421,0.45286080235644954,0.8174274485977946,0.25899079169897876
1.0,0.0,2.6371296410870104,0.011049960456502911,0.8586477543633648,0.4715261241568711,0.8352731685094068,0.2594861735089344
1.0,0.0,2.7270032567339118,0.010888645483160774,0.8981303733624597,0.5097486598633332,0.881064995412128,0.26629444195449115
1.0,0.0,2.8108608203577736,0.010062491945808005,0.9073050109358762,0.5316571733177166,0.8884940869669914,0.2690442783933612
1.0,0.0,2.89353027053242,0.009913926035898746,0.9069949716274318,0.5449951675143033,0.8603423385889261,0.281947257955907
1.0,0.0,2.985616496386504,0.009605602474889958,1.0245957780492907,0.6129262612260511,0.9510820998005177,0.2934753281263992
1.0,0.0,3.0703707751110914,0.009950571111243277,1.2810772182797867,0.7752860579896548,1.1806034873905304,0.3016240299507859
1.0,0.0,3.1564637113111313,0.010220384402869155,1.1118762499146482,0.6840708469363324,0.9924524058816242,0.30443222845043233
1.0,0.0,3.2503604008870655,0.01092741179272879,1.0139313492672049,0.6138321199166801,0.8760232129544463,0.3022436124829634
1.0,0.0,3.340392856522723,0.010191161914007547,1.0043758719408147,0.6004604095141379,0.849765218031106,0.3128847133153307
1.0,0.0,3.431652108178853,0.009876185582068191,1.0377769463143174,0.6122492504691752,0.8564588667516339,0.33032053430821207
1.0,0.0,3.5214318212419906,0.009736918362933455,1.093117563721983,0.6360284119522749,0.8875604183775739,0.3515329582450637
1.0,0.0,3.61921928899735,0.009745948403784318,1.1740810408516267,0.6482665820078505,0.9137138041503308,0.39179232127828234
1.0,0.0,3.7081641724225802,0.010123696654821544,1.4083861106531492,0.7613083717232424,1.0470810852812447,0.44719687156065496
1.0,0.0,3.7974160474668053,0.010028045902468299,1.5500941138324422,0.744664969728801,1.1004517861026968,0.5740586750454326
1.0,0.0,3.8968239028830083,0.010520539853613422,1.1698622778979713,0.6658602642220325,0.8853999532054435,0.42405369862536835
1.0,0.0,3.9883708104128885,0.009959692553632684,1.161454810771748,0.639840781257783,0.8652399698327788,0.42191805915223735
1.0,0.0,4.0785992327176555,0.009119062735906444,1.2139933220458448,0.6412402742589424,0.8735383233844245,0.4362041803342389
1.0,0.0,4.179801418664124,0.008835206404640287,1.3412002752231245,0.6671433045409054,0.9116600835914263,0.49177790673617783
1.0,0.0,4.273606760887521,0.008075632091253636,1.515865528007653,0.6909388306813276,0.9731487593339364,0.5956694649327903
1.0,0.0,4.366911934121443,0.008908991201105498,1.6493787985087989,0.7263350357651898,1.0114654686426112,0.6513823455109181
1.0,0.0,4.472448053557417,0.00845947683655477,1.4766922707549666,0.7428524550283501,0.9578581819040314,0.5388299451713828
1.0,0.0,4.569705606914935,0.009759778845229381,1.3403487694329395,0.7584611563454458,0.9251238184807914,0.44584461814523896
1.0,0.0,4.665709685181952,0.009658034898415368,1.4041911450180296,0.7891893408993894,0.9472200828627075,0.4683139332669104
1.0,0.0,4.77487133873347,0.00945809294581108,1.359188880267516,0.9142133775702641,0.9800591212154275,0.4864108426791499
1.0,0.0,4.880642664934344,0.008678709726978658,1.3525105458833355,1.0508792054018468,1.0246835062311708,0.5410839969838895
1.0,0.0,4.98661170459602,0.008466302056660671,1.3426975871342617,1.0450605666817885,1.0303857712345692,0.4926428670650029
1.0,0.0,5.0949095847336565,0.0086679333144798,1.4247308611471123,1.168954934702358,1.1322868351315665,0.5408625668422208
1.0,0.0,5.2109401175409245,0.007976347493246072,1.5775818445119336,1.4683078402429046,1.2977197813126882,0.7374710713230624
1.0,0.0,5.325972202646715,0.007524104338474422,1.4875997462456885,1.377560062351189,1.2351998428922972,0.6653178403194349
1.0,0.0,5.442718617295271,0.006746209115605858,1.3795478612085537,1.101737512507888,1.1212002025567438,0.40426279259788706
1.0,0.0,5.579423186808302,0.0065354555024525265,1.8256517826025884,1.4134769195545176,1.4782588344320913,0.34256503647191044
1.0,0.0,5.699282777495427,0.006114861820705837,1.223037726949157,0.9711312781042397,1.0839226094375862,0.2847666107204641
1.0,0.0,5.82276401763812,0.005861230020317699,1.5101650731228526,1.6149870622311835,1.916833791463302,0.26215640274979796
1.0,0.0,5.959288270218281,0.005904548304322571,1.1898313836800083,0.9862471273610482,1.12857301015405,0.2559491105273242
1.0,0.0,6.090594030579292,0.006375962904878977,1.2042775184063708,0.9959963099077639,1.125593318367636,0.2455263624878025
1.0,0.0,6.224822591012988,0.006092415754169994,1.4325111585380952,1.3638945351595013,1.6334533289599762,0.24068350149125373
1.0,0.0,6.376459471886523,0.006187986289771753,1.4906870191898838,1.3063559305775352,1.578110843930844,0.23890141203962656
1.0,0.0,6.517922719745272,0.006618726997070554,1.5670633548607187,1.1896932638462332,1.5415282447727134,0.23585965131402628
1.0,0.0,6.663769854156879,0.00681380616266767,1.4243110694933323,1.2464116947061787,1.485251716276414,0.23378220461204152
1.0,0.0,6.824106790118302,0.006375286809773281,1.4250472416640354,1.5467341103979984,1.7859296741741457,0.22680415562723424
1.0,0.0,6.966838500372364,0.005950671607616456,1.2321453728086313,1.013306455811284,1.1814583646928922,0.21673739109698828
1.0,0.0,7.116671030297135,0.0055798804722618665,1.2791080012446552,1.0598957273659484,1.2439059107940906,0.21313945326738326
1.0,0.0,7.287394311765386,0.005534596280327525,1.401558457078391,1.1681977882156391,1.346347835808526,0.2097550843854467
1.0,0.0,7.443293808873101,0.005831893239788387,3.7196404466674453,2.8946512803346747,3.0824705455967,0.20417717070898633
1.0,0.0,7.601470737521295,0.005752115112401227,1.9662058738129662,1.527050534668976,2.0258781194058684,0.20207417689798926
1.0,0.0,7.763422383909832,0.005694416665592898,2.0963937293532986,1.6702267052238213,2.2143241944097185,0.19991281226486746
1.0,0.0,7.943281292390087,0.005254248952881418,1.2713915989264866,1.256614385558301,1.424466240014169,0.20035450455191164
1.0,0.0,8.115545716577449,0.005087584724424016,1.3410825927282062,1.4262667188092057,1.6379092755253237,0.20036615313951256
1.0,0.0,8.291599433766578,0.004951766566937157,1.4637109695686326,1.599349191937306,1.817842780017616,0.1996604362902471
1.0,0.0,8.48791367239207,0.0053350048652799275,1.9657194924444783,2.012448593167985,2.127190507040268,0.2023991357711677
1.0,0.0,8.665356321596274,0.0050241522042160725,1.5289839420349995,1.3278472424549264,1.5431654213413166,0.2008271046681866
1.0,0.0,8.842260234533573,0.005337696067992669,1.7492883909705064,1.573022129414767,1.7215214699783163,0.20126811179429338
1.0,0.0,9.055983240439009,0.0052913249196956755,2.3142666846983904,2.121732098554194,2.2261778924610716,0.2088196806234469
1.0,0.0,9.242432355892086,0.005306186878108056,1.43499985230769,1.0827680164860154,1.354997183894363,0.20737592776275673
1.0,0.0,9.437422472600892,0.005369828441011986,1.5425162549240654,1.1431824656962233,1.4519366331462942,0.20591007025142014
1.0,0.0,9.65596666510776,0.005238732493152081,1.7164077291233146,1.309515768820857,1.614256571340904,0.20869536162325972
1.0,0.0,9.852144255468396,0.005362842904401928,1.5979424372377136,1.2037451234962255,1.4987790787711963,0.20428664434737953
1.0,0.0,10.05101118658472,0.005437891890190355,1.6621270451276404,1.2303368528651135,1.5514758680142844,0.202764969869785
1.0,0.0,10.253399670933604,0.005387789441251446,1.5725924430227847,1.151717726097786,1.4738297847461297,0.2015802584258109
1.0,0.0,10.478602047171687,0.005592615249574083,1.6933847975835332,1.2350057872355922,1.5877224532453784,0.202429594874077
1.0,0.0,10.676654365951189,0.005849219014042812,1.5233105217127554,1.1122260774277735,1.4336117470142409,0.19899118743959984
1.0,0.0,10.878609734476806,0.005826946607165068,1.6338892506286085,1.2030445120553626,1.5417907494960983,0.1981839272157327
1.0,0.0,11.085330614097098,0.005779304334746526,4.574436117192766,3.151094899528863,4.3068030302934925,0.19852811326342326
1.0,0.0,11.31971657594836,0.005741878936097289,1.5414602108638682,1.164333464688983,1.4655996090879364,0.20153604014856008
1.0,0.0,11.528094790333904,0.005945961923124425,1.5841560934339334,1.1826541403726405,1.5021808670240893,0.19953732813807146
1.0,0.0,11.730382765774635,0.005927465107592689,1.8084270616194054,1.3341843879207227,1.7187806409961757,0.19946507404960578
1.0,0.0,11.960901972387253,0.0059786145694626916,1.759367719957956,1.3027677351624567,1.670895096521633,0.20315942465411901
1.0,0.0,12.159940943207616,0.005919510565653315,1.4643165303251922,1.0707189203654617,1.3752786976105762,0.20019058211745858
1.0,0.0,12.360713241041765,0.005877482496332422,1.641250077401667,1.1711812717144559,1.529983071849548,0.2005921217065247
1.0,0.0,12.562141687901958,0.005910548646205398,1.6411900903515848,1.1631050431121883,1.5266982095919877,0.20102926881414618
1.0,0.0,12.76315947957473,0.0059246354674096745,1.6034307258983334,1.138309509142399,1.4875728181533114,0.20082611982599835
1.0,0.0,12.99630641896638,0.0058906845278421435,1.876521782790756,1.3353596653301603,1.751687698456888,0.2049710286616687
1.0,0.0,13.19873992643593,0.005916821911114689,1.6645101546640704,1.1882236404517417,1.5478201731521555,0.20159132944283573
1.0,0.0,13.402749094710595,0.005835913914735773,1.6180718561267877,1.1584223180535165,1.5041660288027998,0.2019362764777785
1.0,0.0,13.608928329905353,0.005798610671308134,1.5494132317467137,1.113016089018692,1.4384854387219048,0.2019704436481386
1.0,0.0,13.840832346306993,0.005652113470048993,1.6116857998775782,1.1611013868450868,1.4983198282321502,0.20470340537439938
1.0,0.0,14.041139046784691,0.005484712652272053,1.5101928575339352,1.0859081017616463,1.400859820979287,0.20049828596966937
1.0,0.0,14.24429700657346,0.005456450741017159,1.4912870345277194,1.0745649211911135,1.3836520286210798,0.2003571115566566
1.0,0.0,14.451414238298048,0.005390591442773897,1.453102796365197,1.0535856088256512,1.352328619693262,0.20007334816835634
1.0,0.0,14.685876355304439,0.0053482632562904505,1.4656553457185064,1.0716941290051505,1.368037687244689,0.20319797013848878
1.0,0.0,14.886289848612408,0.0052921240534091665,1.3989225661715197,1.0288817222846796,1.3088661309484317,0.19877565747663126
1.0,0.0,15.090437549489787,0.005285268036350415,1.3967234900370298,1.0353656471911163,1.3131449714933943,0.19897190023626307
1.0,0.0,15.296263984035576,0.005297959839082143,1.394585478247336,1.0400134751259191,1.315623574962507,0.19941754135215153
1.0,0.0,15.53689294985384,0.005449558457264009,1.4348346951905635,1.0804213163142908,1.362026237455285,0.20311348435639293
1.0,0.0,15.73938373526629,0.005458486720873921,1.3802654710199218,1.0383020679493247,1.3058197269659215,0.1992702177623951
1.0,0.0,15.945360753256598,0.005345749126014647,1.3744589135607146,1.03756867083909,1.3038969040081627,0.19772038294536773
1.0,0.0,16.152342983522516,0.005406816508741023,1.370840659774214,1.0343849994439764,1.2999896066955114,0.19837695080451162
1.0,0.0,16.359672234345663,0.005408985863345151,1.3675647038576921,1.0304583384358816,1.2963706742597583,0.1987028248198588
1.0,0.0,16.605467114951956,0.005547360097505664,1.414438952378515,1.0653014683343907,1.345395137017632,0.20368764610372714
1.0,0.0,16.81346391179983,0.005420517711497557,1.3646766822829368,1.0238842718500525,1.2924650811186256,0.19964696366619505
1.0,0.0,17.0225569077249,0.005427922201755367,1.3646594838318902,1.0214626851700113,1.2917257976651013,0.20019063397731057
1.0,0.0,17.23114197003392,0.005434215991680187,1.3621748762552173,1.0170918836931448,1.2880769586922836,0.20058676234958667
1.0,0.0,17.4427480761073,0.005461407746522444,1.3614236356212828,1.0144090936584482,1.2862439804987003,0.20150265694161568
1.0,0.0,17.692065342374136,0.005520323211936221,1.4058880460841834,1.0478130015244254,1.3302862531715105,0.20655032817280145
1.0,0.0,17.8987973896982,0.005473367215097955,1.3488248914513756,0.9996354010716023,1.2696672469289871,0.20176141350329568
1.0,0.0,18.105307229730613,0.005480864954762462,1.3463652870857044,0.9959518005032761,1.2661313971541823,0.2024843190524373
1.0,0.0,18.312911870043056,0.00549070095525003,1.34615800103688,0.9946161152645479,1.2656181370686794,0.20277449764287458
1.0,0.0,18.520490944490234,0.0054983864661929845,1.345819964656568,0.9935774871523979,1.265634966916314,0.20286341460426408
1.0,0.0,18.77149542948516,0.005546809175217574,1.3993870000046527,1.0367131538908696,1.3218873314711543,0.20851249957506102
1.0,0.0,18.989234874520527,0.005508046425944122,1.3618304664806464,1.0054954515560577,1.283890936117914,0.20435633327576844
1.0,0.0,19.195863545494213,0.005496671221454506,1.3523208107378577,0.9972192664122096,1.274680763927229,0.20297816272181432
1.0,0.0,19.403266383927008,0.0054985261440044595,1.3565653923572818,0.9997200332807415,1.2791552954046346,0.20299380663194608
1.0,0.0,19.613979367825813,0.005502957327253017,1.362994551458907,1.0036428258113768,1.2854906398594006,0.2033280293591211
1.0,0.0,19.822188198424527,0.005499199511059278,1.362139623959921,1.0014766836567872,1.2839948484333192,0.20297893454328161
1.0,0.0,20.075456893859563,0.005583724695130611,1.4150888031384765,1.042004929251245,1.3404439130565342,0.2086804598202542
1.0,0.0,20.283637185866983,0.00543624806772033,1.36247081814924,0.9992341070021753,1.2847506087050429,0.20302962851441722
1.0,0.0,20.50019231351122,0.005531259495422982,1.3710660934877708,1.0039477485891284,1.2934286072302295,0.20405230865674226
1.0,0.0,20.71528395589441,0.005526694614547381,1.37024349562331,1.0026099425818367,1.2919701093096723,0.20393707243311113
1.0,0.0,20.93191107163144,0.005467457215681057,1.3731843408680156,1.0039739433171446,1.2935092022613626,0.20422902078919614
1.0,0.0,21.14758229794217,0.005534019492409536,1.3709496516558106,1.0020482005189981,1.2901091977680812,0.20427302298067773
1.0,0.0,21.40989941894769,0.005591483107379677,1.4306893372758416,1.0491636357335978,1.3500200003846448,0.21044884772921088
1.0,0.0,21.62579874322762,0.005529159920507375,1.367759516882663,0.9999461414511949,1.2849250860075008,0.20457860651712081
1.0,0.0,21.839813262752568,0.00552551491617853,1.360513880805708,0.9946952724664885,1.2770697165518532,0.20428984227059935
1.0,0.0,22.04975264842914,0.005512889042109666,1.3664560032303512,0.9963416984518204,1.2772577786469064,0.20396651126944687
1.0,0.0,22.25956482130858,0.005511811548693054,1.3627279489202286,0.9943785271389127,1.2735919342912876,0.2038235575909168
1.0,0.0,22.46585812969934,0.005506789302758409,1.3599590240547061,0.9929270748999681,1.2707916238253005,0.2034511750621776
1.0,0.0,22.720297072674185,0.005568424854379226,1.4197203882724871,1.0413508403856544,1.3318301326103679,0.20956219070965315
1.0,0.0,22.92673887581428,0.00549004570725256,1.3638885748758947,0.9991671928682732,1.2764972325067965,0.20336246872430355
1.0,0.0,23.13398899356743,0.005511526917072741,1.3828986721352399,1.01008998852762,1.2885980294567876,0.20334508057999115
1.0,0.0,23.340904937973132,0.005591541539064925,1.3846306881622934,1.0123009304337003,1.2908431035110763,0.20351441475192047
1.0,0.0,23.547925119363477,0.005627952921202696,1.380182061440928,1.0061853298707972,1.2862064321779996,0.20347003161952817
1.0,0.0,23.755079927589634,0.005700853055095245,1.3840605788103317,1.0086336919619443,1.2895610320665163,0.2034474974023083
1.0,0.0,24.015241470299017,0.005874604433358747,1.459234101959411,1.0668634584487484,1.3644287908669894,0.21027732689587192
1.0,0.0,24.22287426696121,0.0057574192673674985,1.3924596086987098,1.0147207782639318,1.2968668744922474,0.20342588839832515
1.0,0.0,24.429402344689795,0.005831230299739988,1.394746051106341,1.0157491064396011,1.2990058083382636,0.20338160867971322
1.0,0.0,24.637163141359657,0.005829129364136182,1.397713446250089,1.017807493349487,1.3022112759381241,0.20353526381411785
1.0,0.0,24.84570025965666,0.005872046519284733,1.399378776369994,1.0184118217278502,1.3035323379870412,0.2036705574884308
1.0,0.0,25.053927847512647,0.0058699577770490894,1.399317103547792,1.0185508436361166,1.3035902326285518,0.20371387049126063
1.0,0.0,25.318080363550205,0.005936273775714515,1.4768025367146098,1.0774407988505952,1.38255350789447,0.21115264693867408
1.0,0.0,25.52941567995095,0.005872438627849977,1.4032457341931484,1.0220306593966466,1.307321391203705,0.20435665027721878
1.0,0.0,25.741949685178312,0.0058761373439837295,1.4025318684337251,1.0219125639052877,1.3064259613396703,0.20456493112266277
1.0,0.0,25.95695954152251,0.005881253841686387,1.4061244802285784,1.0245793340536595,1.3095127616792341,0.20502063650785474
1.0,0.0,26.17499637340809,0.005816512442478775,1.408509914470106,1.0261819156794472,1.3116991497253028,0.20547903038107532
1.0,0.0,26.39708040059724,0.005824593801282431,1.4114470856369759,1.028547770001649,1.3143708683319895,0.20601467365109233
1.0,0.0,26.604683385167498,0.005811504506295946,1.395206381805087,1.0162718918285274,1.2974520739430906,0.2043915269733393
1.0,0.0,26.87387927106722,0.005888877936447913,1.480810932130614,1.0810529437897691,1.3838703020545409,0.21266400494532176
1.0,0.0,27.084773185172764,0.00582196422766494,1.4034231839449143,1.021908095022813,1.3048308938955433,0.20502658134206925
1.0,0.0,27.300083684094986,0.005747970463438937,1.4058088365181762,1.0229992581711396,1.30750467843836,0.20535600370354426
1.0,0.0,27.512035103837157,0.005774171232182049,1.3898662496159102,1.0139308312792297,1.2949395748831654,0.2050500550466946
1.0,0.0,27.723002402240326,0.005774012629632293,1.3893816879045675,1.0124753659031935,1.2940984898077155,0.20488660311141224
1.0,0.0,27.931296198954605,0.005794950196311834,1.3867135138658724,1.008200048882549,1.2900745239822284,0.2045027929819524
1.0,0.0,28.140156641307506,0.005795866091140598,1.3900019111998818,1.009291902940836,1.2927156467532384,0.20457773849432073
1.0,0.0,28.357897325847837,0.005806894473236132,1.4017764559386563,1.0168605162293696,1.3039856044949985,0.20559772018635822
1.0,0.0,28.631817817942142,0.005857258814740601,1.475496244651566,1.0708297679031304,1.3785783395959612,0.2124973894096696
1.0,0.0,28.841511779934518,0.005799099061262096,1.3938577591866246,1.008841584782802,1.2946217468434282,0.2045974727537193
1.0,0.0,29.057040491613517,0.005806134314353816,1.4025911923319103,1.0145285313125838,1.302830250715392,0.20481221967796873
1.0,0.0,29.27914483839245,0.005813203948920749,1.4143819768303507,1.0230559442354838,1.3141847121244579,0.20560026449682403
1.0,0.0,29.50461016528771,0.00582110858897867,1.4127842810377922,1.0218430378597054,1.3121347007559905,0.20582683299344617
1.0,0.0,29.720597817644126,0.00581415174539487,1.4041008401084494,1.015517318680319,1.3028070673103704,0.20491298954457854
1.0,0.0,29.939163389020198,0.0058194749043248865,1.4092300944529368,1.019586741266151,1.307314189756259,0.20530731465498347
1.0,0.0,30.217402010232824,0.005837121364778155,1.4874727561366603,1.0792741373728034,1.3872620555083683,0.21335919319912613
1.0,0.0,30.437296319661396,0.005824404778115034,1.4101020440330325,1.020975061627201,1.3073160617148885,0.20554894248750166
1.0,0.0,30.652791602160992,0.005821729710533186,1.4018496119643844,1.015152682442775,1.2992769755686304,0.20493593043840047
1.0,0.0,30.858456492369747,0.005811812631642177,1.3915870355510496,1.007553989350576,1.2889399852598928,0.20386793991436633
1.0,0.0,31.064495110435935,0.005812951905467018,1.3924218192785558,1.00807706317246,1.289682216003487,0.2039324062209802
1.0,0.0,31.27304716799107,0.005751630218600657,1.3970577806935673,1.0118776576150026,1.2942356282748617,0.2042945651833933
1.0,0.0,31.484397691923352,0.00575389175360676,1.3996137723230617,1.0140131409611515,1.2968723479555322,0.2045409134044739
1.0,0.0,31.69756571010135,0.005755521547724029,1.4021171760756692,1.015430278678962,1.2989821321875803,0.20486966232495912
1.0,0.0,31.9824330143166,0.005855933490506301,1.4929904738613442,1.083892320124133,1.391842936725223,0.21460204882702222
1.0,0.0,32.18878628941838,0.005745542559978057,1.392982604794951,1.0078428834760786,1.289252049235092,0.2042155670070665
1.0,0.0,32.397575528492666,0.0057471105353135545,1.396824152933871,1.0098701165643194,1.292786830317383,0.2045456379659771
1.0,0.0,32.60662109344389,0.005745489757030154,1.3972371292421273,1.0094207164527775,1.2928308874231336,0.20454385323124596
1.0,0.0,32.814569764402954,0.0057427343434134515,1.3963031557209127,1.0081942510560022,1.291559677501906,0.2044153066321946
1.0,0.0,33.02060243260552,0.005738926351839046,1.3947845199460922,1.0067076734734344,1.2897266072720046,0.20420257605700484
1.0,0.0,33.23083861125123,0.005742799931716462,1.4020937044982407,1.0117116591738071,1.2965401636766578,0.20480123653137522
1.0,0.0,33.44999910320978,0.005753013416946915,1.410727515491672,1.0182847181130898,1.3051044453515266,0.20582063684703186
1.0,0.0,33.73119145460928,0.005836545853026767,1.4955285987452434,1.0818812000926763,1.3898968251152803,0.2144179424005805
1.0,0.0,33.93931870095795,0.005739065830824166,1.4001164614781962,1.0107604264138523,1.293992938641451,0.20469016360207057
1.0,0.0,34.15768545946073,0.005752079330174159,1.4119141835001738,1.0193535589460505,1.305798089712529,0.2059088492166429
1.0,0.0,34.37384525576643,0.005750566325888587,1.4084982737132614,1.0169369444664011,1.3024637782204784,0.2056290082072407
1.0,0.0,34.58874220023459,0.0057494057817242235,1.4068293649659482,1.015704901116869,1.3007991985634564,0.2054900207903706
1.0,0.0,34.80559330240857,0.0057532218198059456,1.4098062858377725,1.0179245091972022,1.3036842587193467,0.20580140739957697
1.0,0.0,35.02121608452207,0.005752629840416203,1.4078414617241437,1.0166184513766658,1.301678921257796,0.20564656715281018
1.0,0.0,35.22990649369185,0.005744396433636533,1.4029222033904316,1.0129075266250296,1.2963294947041035,0.20489774219756193
1.0,0.0,35.44657853449618,0.00575516770212022,1.4081307495077036,1.0171654451523258,1.3016814753184824,0.20570819455914985
1.0,0.0,35.73528725030771,0.005855411333317013,1.5107755104380698,1.0935206458306448,1.403753813814381,0.21593035416060175
1.0,0.0,35.95890258305979,0.005767182451568723,1.419343865910715,1.0249789798192648,1.3120007132763383,0.20687787422697237
1.0,0.0,36.17539053807907,0.005759016815001065,1.41162116480023,1.01862240550518,1.3039888235600932,0.2060046563233983
1.0,0.0,36.39303903191747,0.005761353207955034,1.413586939007856,1.0194340405941775,1.3056042192808897,0.20615563867168965
1.0,0.0,36.6101241613853,0.0057614595724973785,1.4126013717421053,1.018194963059352,1.3043419578886173,0.20606259749097966
1.0,0.0,36.82728716454842,0.005762599761124099,1.4142760141845017,1.018839361104072,1.3055596330620451,0.20615800139806875
1.0,0.0,37.03830560968302,0.00575501461541402,1.4079104569665102,1.013841479000452,1.2988185719685077,0.20538546121616533
1.0,0.0,37.24929241947623,0.0057556192377590095,1.4080234049588154,1.0137724265390096,1.2986192785007484,0.20537670901574936
1.0,0.0,37.459526072834564,0.005755322221060385,1.4066077092245677,1.0127153799699244,1.2969734487502178,0.20528358026063998
1.0,0.0,37.75059731933697,0.005866755252348676,1.5213334525676148,1.0973124074873786,1.4105047796145298,0.21660640458890085
1.0,0.0,37.96581976212849,0.005763289875654515,1.4124304283506133,1.017128484320617,1.3021632326659363,0.20596794428165668
1.0,0.0,38.174359664449305,0.005756835800790874,1.4102194565890098,1.0144066698438976,1.2990812983210984,0.20534700644446052
1.0,0.0,38.388285855097365,0.005737932728936281,1.4123465623675278,1.0162513336813834,1.301412672197126,0.205655529441633
1.0,0.0,38.59650835523674,0.005790127699758384,1.4074305716200417,1.0126538637931324,1.29708255441806,0.20509711932719873
1.0,0.0,38.80574633406814,0.005791177434479706,1.409051262255131,1.0136649911816122,1.2984482809491076,0.20522492983943505
1.0,0.0,39.02126957213202,0.005703902102892904,1.4207047504156765,1.0247107772079533,1.3098059853471498,0.205969847542465
1.0,0.0,39.23002518327073,0.005820379588523951,1.414408286472381,1.020270427225466,1.3037524040148798,0.2050831057275028
1.0,0.0,39.44388239674994,0.005826056110479746,1.422050241744719,1.02581403281317,1.3109972598981792,0.2057583350105235
1.0,0.0,39.66130360873988,0.005830003324623603,1.4223701852950215,1.026377067034314,1.311419276174253,0.20607809711071554
1.0,0.0,39.9552733045755,0.00593520306762206,1.5329998760031003,1.108504852488846,1.4207564443841383,0.2170214807838164
1.0,0.0,40.172514646100254,0.005814365787108108,1.3954699652499056,1.0124448624859468,1.2958482092795998,0.20630779681775974
1.0,0.0,40.38957134801274,0.0058138532519184695,1.3957328760125565,1.012047427464292,1.2961637687034884,0.20635736525845338
1.0,0.0,40.60774314358491,0.005814664458194439,1.3971751632531673,1.0124584674753443,1.2975281306978166,0.2064966494568937
1.0,0.0,40.82521628074244,0.005813012336365492,1.3963161716982597,1.011242328399367,1.296498200276782,0.20642478653444393
1.0,0.0,41.04037999042877,0.005809623243364795,1.3932604776511905,1.0086054780213873,1.2932352953085193,0.20615775486881904
1.0,0.0,41.25931673504872,0.005814406997926369,1.3980948963928648,1.0118693811269832,1.2977013410016738,0.20669535245038406
1.0,0.0,41.47957108508745,0.005815992803689829,1.3988134077821506,1.0123874353008948,1.2981455665319634,0.20688012525603283
1.0,0.0,41.700010335094255,0.005816461573767601,1.3981898326248412,1.0120482507916144,1.2972661247913866,0.20694762232331088
1.0,0.0,41.91843631871895,0.005775202222484305,1.3949377401775183,1.0102052486219608,1.2940495566699581,0.2065320275604251
1.0,0.0,42.225008177002785,0.005847953673514999,1.515939006545939,1.1005841485118157,1.4130588222277352,0.21791903096017287
1.0,0.0,42.44329612819282,0.005776565394756719,1.3926089438255844,1.0090518777233288,1.2912974355109155,0.20668748803033957
1.0,0.0,42.66223237055717,0.005778285316524752,1.393011775596755,1.009091580488193,1.2916461201832141,0.20679090582499846
1.0,0.0,42.88414856550819,0.005782594783131363,1.3973289463113443,1.0119576822107457,1.2957210871411238,0.20720213567168724
1.0,0.0,43.10262894355919,0.00577828842710974,1.3930654916673402,1.0086811807273883,1.291459003073794,0.20673513937879112
1.0,0.0,43.31867338810691,0.005775771309734988,1.3886409992521547,1.0054226163511526,1.2871260236315347,0.20637000311851303
1.0,0.0,43.52707207066188,0.0057664776616838,1.3802876511053292,0.9991953122257226,1.2787734261525412,0.20547191924635727
1.0,0.0,43.73691113394561,0.005768972162064196,1.38225736533174,1.0007182367007714,1.2806190878058568,0.20567513180953406
1.0,0.0,43.95316134558892,0.005777549095698185,1.3904158206743207,1.0068110720926875,1.2884749763526469,0.20651265900717142
1.0,0.0,44.16719758914051,0.005895976221605148,1.3898705992355411,1.004284971611057,1.2849323086897106,0.20810473199968996
1.0,0.0,44.373817966034544,0.005777794359921457,1.377439570343395,0.9977604003300494,1.275641733256763,0.20582088265625942
1.0,0.0,44.67342820703352,0.005848378885684956,1.5012724783021503,1.0899316200557119,1.397037124747255,0.21725524251961278
1.0,0.0,44.88968836566423,0.005779671030795881,1.3887499222990667,1.0063674262449653,1.286501401232147,0.20668577576282118
1.0,0.0,45.10589785567382,0.005779760986071136,1.3868124729930456,1.004881599846365,1.2847619222033393,0.2065785254594698
1.0,0.0,45.31587280239605,0.005790243110443528,1.386722802091846,1.0032399638196519,1.283218180896861,0.2064647158885976
1.0,0.0,45.53010620438325,0.005904619348857788,1.3937659497833708,1.0057293606881623,1.287146583232137,0.20834739655337844
1.0,0.0,45.737746861035426,0.005786440295918487,1.3850693278105197,1.0015082083865108,1.2814255213350259,0.20619551878267262
1.0,0.0,45.963443219800574,0.005791875782474917,1.4025127819079792,1.0152492840186742,1.2997072033628034,0.2079615159737523
1.0,0.0,46.18089461417941,0.005787143659051082,1.3959793100861122,1.0097328215820014,1.2920891139110842,0.20689365897700976
1.0,0.0,45.816385446153724,0.006137305045238393,1.6046806578740305,1.1164576910157307,1.4391975726696082,0.2080658023627903
1.0,0.0,46.02406520205568,0.006233509220922976,1.6109026571807894,1.1193243508371364,1.4388024689018577,0.2105484809437024
1.0,0.0,46.23050189887573,0.006225396992327149,1.6137837082457047,1.1213439237050635,1.4404094812602508,0.210522026941359
1.0,0.0,46.54529674586953,0.006169522386126611,1.8351935646572681,1.2803674696455984,1.6613362076679608,0.2176777933931186
1.0,0.0,46.75428236256104,0.006202588196584995,1.6064944420877247,1.1191138704205215,1.4338854732659405,0.2105458991169384
1.0,0.0,46.962045013860106,0.006190821882925387,1.6055778114393575,1.117274951113381,1.4333314239049622,0.21041798298599282
1.0,0.0,47.1663251554365,0.006177539403598406,1.6023874469267767,1.1138237800453747,1.4301583043239166,0.21011422411435057
1.0,0.0,47.37139030840608,0.006166808326991362,1.6037094692488194,1.1139028449767148,1.4314991263959291,0.21007096289896396
1.0,0.0,47.575195414806196,0.0061556533244158315,1.602549678699923,1.1122848588227294,1.4300925279773353,0.20988757230198032
1.0,0.0,47.778343518983355,0.00614533519964047,1.602816649838173,1.111753241734542,1.4298818464312026,0.20974467663926227
1.0,0.0,47.98374706139952,0.006137112154977665,1.6108321890973167,1.1165612863446943,1.4368069516017559,0.20990042279130916
1.0,0.0,45.73516614602641,0.006138084724294009,1.5646526417569344,1.1110344725994685,1.4072004692361486,0.21081403895144252
1.0,0.0,45.94748615319637,0.01675085866284232,1.7947518036633803,1.262502017687874,1.6213265491153854,0.16727632494150252
1.0,0.0,46.166412670524316,0.016878036734686807,1.7719767894079674,1.257100415255587,1.6183510990941148,0.16855837575716734
1.0,0.0,46.48888431090672,0.01675651417451193,2.2068300422627156,1.5405604787042153,2.0150192160272797,0.17690736814649888
1.0,0.0,44.200158309147916,0.017215279018661756,1.560743207581033,1.1436409302756545,1.4499734892348117,0.1691666341839625
1.0,0.0,44.395766258006894,0.019055728937566477,2.9683332536991585,1.9640816790334361,2.673011200607273,0.17476680784734086
1.0,0.0,44.598903689180084,0.01931999494568847,2.7782049423608406,1.846078127350158,2.514193629356025,0.1766488891069818
1.0,0.0,44.79553772012465,0.019581647346584005,1.8246537291394782,1.2776132978806496,1.6747867152907652,0.17695787189970452
1.0,0.0,44.99407434038644,0.019829202680270407,1.9126294749269286,1.3377524386140234,1.7548280272621088,0.1778471467746818
1.0,0.0,45.19481933304295,0.019978098925005423,1.950586835637697,1.3703451116740382,1.7884942450221362,0.17850048744437935
1.0,0.0,45.39482570159425,0.020281855932874317,1.7965741354660019,1.2775894523406397,1.6522793593900489,0.1788613410256935
1.0,0.0,45.5968731956965,0.020543200480683577,1.7222981373022612,1.2272438601461966,1.5877389975050316,0.17929451507353306
1.0,0.0,43.319694747233704,0.020751884896085794,1.7198601413524994,1.2207000810819313,1.584733125308337,0.17938043108685114
1.0,0.0,43.519805605604425,0.025459238559008633,1.895618619922616,1.324278982955715,1.7334570771381945,0.16575897015224172
1.0,0.0,43.714929391304956,0.025524243839678502,1.6970425963417364,1.2133005905024814,1.5655039738235152,0.16544612251485763
1.0,0.0,43.90949798704049,0.025476153775428254,1.6883855835810806,1.2103331048093444,1.5574722785239201,0.16544062514578953
1.0,0.0,39.19803194054666,0.026013274631423836,2.832178820512831,1.820353947236872,2.5940243258548645,0.16881821907321623
1.0,0.0,39.37839965711889,0.027320308780621968,1.8539533721767136,1.2593800296318218,1.8555221653640062,0.15907215992313126
1.0,0.0,39.56958394857174,0.02759519971960762,1.8652436462334074,1.2607708219420202,1.8667126203444995,0.15992321476945043
1.0,0.0,39.75999028575395,0.027729429008255722,1.8575179043094878,1.264397413460666,1.8554535474950895,0.15983503605995714
1.0,0.0,39.9515846756323,0.02782671282487833,1.8569054700420673,1.2697303819152281,1.8490253629711868,0.15976037895164763
1.0,0.0,37.64721414858014,0.02791500172497633,1.9452718832760691,1.3317134810859454,1.845705220289486,0.16174857478553764
1.0,0.0,35.3290751704827,0.02359741629815535,1.698043937149604,1.2595558563726827,1.5264663463018115,0.15648035081561557
1.0,0.0,35.52400434494927,0.029252312339766346,2.057023006351243,1.5547143513564003,1.8579719317446097,0.16691095336896605
1.0,0.0,35.71633178576755,0.02940141568148059,2.0056608060329064,1.5322582284136121,1.8110375040893165,0.16745353731809945
1.0,0.0,35.91111700779888,0.029499409689825798,2.0267903714434143,1.551242212069998,1.8237485898405865,0.1679857788870511
1.0,0.0,33.6148183493413,0.02958738780927671,1.9530654971727393,1.5429193952132483,1.7743797429467003,0.16907739570168664
1.0,0.0,33.81304023680683,0.025624339488510343,2.0730926800839744,1.6362786445178077,1.9355351639318747,0.16765324709696308
1.0,0.0,31.49571648631688,0.025718759995035013,2.281026614556456,1.7808259018557768,2.0047148686425107,0.16678824426635763
1.0,0.0,31.677675057462583,0.028633689507062462,2.546476687834496,2.126507487160031,2.2547693944073526,0.16560723569355498
1.0,0.0,31.970811508738457,0.028507146591595547,2.514124483792866,2.0118978711378,2.3172151834130412,0.1736404500112052
1.0,0.0,32.14591578562152,0.028190467305747438,2.37546817979616,1.675435014532159,2.0191264083350955,0.16446780981640646
1.0,0.0,32.331595279202546,0.02815976971948567,2.184782842409135,1.6271395259306818,1.8504139437498848,0.1652520392794528
1.0,0.0,30.02313206741529,0.0282412148727197,1.9684666695271558,1.533406100324747,1.6552569234620507,0.16619537546869317
1.0,0.0,27.698004877809854,0.02829229452378634,1.919525390575093,1.5538269081685263,1.6009574542726126,0.16934196338378707
1.0,0.0,27.883486730654433,0.031763013146462564,1.8255329124745947,1.4649040656547871,1.5072302662683037,0.17599480687172833
1.0,0.0,28.062820238139363,0.031509052825419506,1.6038350091779077,1.2607617250465637,1.3554336446025612,0.17716038105114926
1.0,0.0,28.23963264854001,0.031107334585158356,1.6560414635186975,1.2801659682349515,1.3890587372124181,0.17718201915135676
1.0,0.0,25.919616460244796,0.030994445603485948,1.644810630443643,1.2622445435909706,1.3718016248569471,0.17760685999709735
1.0,0.0,26.098302729634142,0.0304543778774003,1.687645862167763,1.2902507285702496,1.4286693366819065,0.17844660518733613
1.0,0.0,26.28443541792727,0.03046545307556288,1.714487509477634,1.2926298906762974,1.4606614440994905,0.1792923502599044
1.0,0.0,26.47174992992754,0.03029832003858558,1.7394520143556633,1.2917057298417356,1.4923179501930832,0.17989576461906634
1.0,0.0,24.15775596949108,0.030259097683599703,2.056859483931664,1.3673851561853863,1.748341574493572,0.18085225200757096
1.0,0.0,24.336659254975686,0.028075879982573028,1.8675485426575689,1.2297257272189985,1.6156631311218295,0.1906399158799221
1.0,0.0,24.51788700475815,0.027990527443580788,1.7797988587849836,1.2186391502631708,1.5408913888639415,0.19159780432426032
1.0,0.0,19.80010063450017,0.03731916752958348,2.099767713606543,1.5672767586173026,1.884552791238711,0.2063042956155172
1.0,0.0,17.463080978275663,0.031392153614336976,1.80398492552335,1.494373660260708,1.5216365946645394,0.20741376648838944
1.0,0.0,17.640193338964963,0.02939694968427165,1.640279435841989,1.3996428449522629,1.4428651632404927,0.20007253449485593
1.0,0.0,17.816357115987586,0.02902414701200478,1.6017687286387923,1.3746137444948687,1.4189489707156249,0.19059610173169986
1.0,0.0,17.993545438753696,0.028922259027748205,1.6006252277897872,1.3652579258369415,1.4170183074571787,0.19116955623661325
1.0,0.0,18.169799918189863,0.02890945553237539,1.6229749757093785,1.3728085746516394,1.4291708249321096,0.19162842231703203
1.0,0.0,18.346003248057045,0.02883316669405015,1.6230821638058222,1.3668205792816455,1.4322016518765368,0.19209789196058136
1.0,0.0,18.52450153156849,0.028514183257231027,1.5980855830461542,1.353936461513581,1.4270752265287785,0.18460074323014486
1.0,0.0,18.703212521866256,0.028406142452630293,1.5829984572505529,1.3390503742682562,1.4225739559230337,0.18495790143458016
1.0,0.0,13.889647661863641,0.03042721692708767,1.5848443209938627,1.317676591986243,1.5027196037891233,0.17567099492955607
1.0,0.0,14.07332749031885,0.028369048667933817,1.6247709574610614,1.4038577979060012,1.4853196283139718,0.1882066179896103
1.0,0.0,14.254336728614607,0.028337913810470843,1.648205418012467,1.43517921854739,1.500655541429231,0.18809036647686347
1.0,0.0,11.92423751143876,0.028186073945622333,1.6785940744201329,1.4769247609728757,1.5125773532608173,0.187677819937193
1.0,0.0,9.593979859397322,0.02994062509672891,4.017592575752225,3.3406880932274152,3.411966620255943,0.19215555657109712
1.0,0.0,9.764348311872387,0.0278896102991721,4.717533615222062,3.919835079273376,3.9849518360267395,0.19537258560688858
1.0,0.0,9.938339935195634,0.02790256709441041,1.751976395817177,1.5024490952647795,1.5486935034925822,0.19541180412021458
1.0,0.0,10.249785919734808,0.02844383761306263,1.9561155294017858,1.6655681039025303,1.8332426718332693,0.20709904996178768
1.0,0.0,7.930436369577626,0.027949800959472478,1.568344999760838,1.4002294590300581,1.3973650186771949,0.19565872548513372
1.0,0.0,5.6148567489654155,0.027930202117484836,1.4756939378173695,1.3862839502364668,1.3007745350678654,0.18996826349737211
1.0,0.0,5.793446356687422,0.028309429736496527,1.3243687832560747,1.1303400767416327,1.1669082445839785,0.21017474087107071
1.0,0.0,3.4665935500651224,0.028804190879025672,1.3227243344183206,1.126965199635991,1.1681073900870622,0.2049959521431114
1.0,0.0,3.6381638370377414,0.028929206568434722,1.4494051273958084,1.2887567274464848,1.239564316224172,0.2081259678643141
1.0,0.0,3.8109150729300625,0.029009647651752193,1.4708397326300127,1.3182875723631846,1.2607064278183244,0.20708085986100444
1.0,0.0,3.9926756100446243,0.028873300889617336,1.425539331230978,1.287975350722387,1.24094724696748,0.20713749618671065
1.0,0.0,1.739523222002687,0.029061389912086323,1.4078037514666832,1.2898140558968043,1.2248239752689494,0.2065011463419651
1.0,0.0,1.9129919117970813,0.029291128966087064,1.519054271328766,1.4513467417640677,1.316098729713742,0.20235018958685205
1.0,0.0,2.0801386878969144,0.02924599851720262,1.5787110448654846,1.5527186242282907,1.3599562267581837,0.20103646247170417
1.0,0.0,2.873093215940722,0.02915905330054434,1.5739635476578848,1.5884146795825682,1.3474132914294814,0.1990939586232296
1.0,0.0,5.188059134050188,0.02941041242208312,1.4936678067876121,1.4307086350211589,1.2679426100624946,0.19634293833081126
1.0,0.0,5.024367635869309,0.029570029085998956,1.4609662988515142,1.343482695586305,1.2452629934635315,0.20942336813498186
1.0,0.0,4.856746631317108,0.029396952495195895,1.4521135623279533,1.305796577250718,1.2411585137531354,0.20925519178702884
1.0,0.0,4.685670287981163,0.029286920260896673,1.4557762930512084,1.295036781166428,1.246816976887749,0.20923523561721344
1.0,0.0,7.015700741722847,0.029731645785127162,1.4606229324908557,1.3012702261062796,1.2535827991547246,0.2092437699880947
1.0,0.0,6.715616088814789,0.030208578505142695,1.6937289358553071,1.5414905305396487,1.5246108110570022,0.2199216408949982
1.0,0.0,9.048084997478796,0.030263362066230596,1.6053957130559404,1.4029592486127458,1.3732053179832844,0.204510782513787
1.0,0.0,8.878231980528213,0.03021030471171596,1.6034764282220098,1.3875826959081567,1.3794652999352675,0.2071561950411693
1.0,0.0,8.709899457966914,0.03021387707296586,1.6087464036091157,1.3874066375130667,1.3873661707221112,0.20675021110173197
1.0,0.0,13.561454186661647,0.03923095923952811,1.6074501121381792,1.387232180577152,1.401281699378259,0.20745902071316372
1.0,0.0,15.890635125203172,0.032635469043201464,1.7246789299703613,1.650210561765112,1.5278889586254183,0.20458323903947254
1.0,0.0,15.71220232982007,0.032294012370035395,1.7277391662068502,1.6190659505227414,1.5377764128894162,0.2076817284992
1.0,0.0,18.023180356376216,0.032484166528469444,1.7526362892514724,1.6592914138164259,1.5461557231584688,0.2077728923567226
1.0,0.0,17.8499479011301,0.03215713007298914,1.8959999591707395,1.920428029168442,1.6923733952334832,0.21128008028650563
1.0,0.0,17.680490332712868,0.03216001267250797,1.939822854333814,1.9732047959715349,1.7110981541608354,0.20833545408179052
1.0,0.0,17.508965184423435,0.031891648550084674,2.0859049932156735,2.183046168205118,1.8214130393871122,0.20743801589806787
1.0,0.0,17.33650640318914,0.03200199114113475,2.0711772444651158,2.1384024511354234,1.818301644919375,0.20733798196614103
1.0,0.0,17.16444201706473,0.03206467422054888,1.9226694582515875,1.9206215144935022,1.7098851906242012,0.2046732844090939
1.0,0.0,16.99301191793274,0.03204501721337525,1.8939713563176044,1.8348767915571367,1.675151955999032,0.20473700013282287
1.0,0.0,16.81645650696648,0.03202090969176494,1.879564845841286,1.7913864889260558,1.6582869638325295,0.20516670898679737
1.0,0.0,21.667526180668073,0.04061595738522803,1.9589308513228167,1.9826676293064454,1.779967301313824,0.20358263072447258
1.0,0.0,21.496621897427953,0.029465736082680518,1.7892468178608423,1.7159242693093604,1.6206763955152974,0.20539645247056715
1.0,0.0,26.345207099151956,0.03597121333920849,1.8173962466025038,1.7533676816255064,1.662748580054193,0.20669511067430796
1.0,0.0,26.046946185251826,0.03440217654937904,1.6622188335281727,1.7780842313638714,1.6734660097240053,0.22437219487340326
1.0,0.0,28.383081125964484,0.03484156234504395,1.7460119091603263,1.858423493447971,1.5876120938930152,0.20581248952285386
1.0,0.0,28.20977025636021,0.0339145425469681,1.4898626155501762,1.3561092511480706,1.3693257239970587,0.21203129074917093
1.0,0.0,28.03666617763668,0.03388998549789834,1.4876025922910052,1.319252451827678,1.3409242977303577,0.21127216549790068
1.0,0.0,27.864650423280008,0.033890264075163816,1.4356550512321482,1.2259420598769524,1.2927709141808696,0.21113267235791322
1.0,0.0,30.199785228745437,0.033535745551386296,1.3927102029127707,1.1576754472385307,1.2548104762739265,0.21076549259764288
1.0,0.0,30.02921121771134,0.03087259758900459,1.3568346883225422,1.1126294195264612,1.1986520302052754,0.2114566603625306
1.0,0.0,32.3607762053805,0.0308275369539136,1.3703966557412415,1.1252234379092076,1.2074583907352925,0.20751034117084022
1.0,0.0,32.17939136943616,0.028745717551792803,1.3352235757397426,1.0836359824075368,1.1880294577338901,0.20945218916102765
1.0,0.0,32.004477189016725,0.028860797775897375,1.319950550888729,1.0772733340734262,1.1809181519435803,0.20948159552215423
1.0,0.0,34.33284866442447,0.031263875678874446,1.3372032141842585,1.1285286974612392,1.2334767411969236,0.2075119129668762
1.0,0.0,34.15771887688693,0.031310561546712704,1.3778710147137583,1.2033163448558624,1.2778697274189783,0.20680033255623304
1.0,0.0,33.98299370943378,0.0314343387055537,1.3865000004738552,1.214884093436816,1.2941371706255111,0.20686088148041304
1.0,0.0,33.806681231413,0.03162301279191959,1.3879442322915716,1.2265207896698087,1.3054348781982057,0.20703720488677788
1.0,0.0,38.644173029379985,0.04021154385661279,1.327166745147,1.0997547171560667,1.2311364056594756,0.20723080159860413
1.0,0.0,38.46846925586496,0.0319025966296199,1.3423934429310365,1.1396602220851906,1.1887839647042062,0.20786764834003896
1.0,0.0,38.294076191484486,0.03210872681756677,1.3813466675202914,1.2052811870379525,1.2182100970555216,0.208498860549489
1.0,0.0,38.11809281162703,0.0321261022213887,1.605316208886623,1.5707804935768022,1.3672614757907942,0.20926760054652213
1.0,0.0,40.30055852140609,0.03142808072716938,1.713555085012028,1.5657881999229426,1.4730869005858411,0.23132353675541453
1.0,0.0,40.119919518928384,0.025547718725472852,1.350102198495223,1.0729951358317866,1.186882863410419,0.21139996660888247
1.0,0.0,42.43658335227398,0.026724306927005795,1.3701989590452621,1.0767826758192227,1.2117657092493104,0.2116659699604416
0.96,0.0,42.241090348762846,0.023162358920419988,1.3628689531875322,1.0215098473824415,1.2206297239774213,0.21618560027815367
0.96,0.0,39.564763982066225,0.023253618047966565,1.3480460679290214,0.993348665404124,1.1903172844054513,0.21074006740623516
0.96,0.0,39.399893035577094,0.023517753272837214,1.331682196901206,0.9748877718968002,1.1803774154076654,0.2099775721773176
0.96,0.0,39.23320813720113,0.02381256447715457,1.3270119596676706,0.9669339521029605,1.1793617450499054,0.21022290586307993
0.96,0.0,44.081264083924616,0.029869543468887958,1.3045083608464114,0.918869761541406,1.1564869119007726,0.20944736858368243
0.96,0.0,43.9113361524901,0.018117851481886854,1.3137188203506278,0.9805954636689113,1.1732328952757425,0.21315755076929319
0.96,0.0,43.743301526972694,0.01848766917399387,1.3262977370307285,0.9938231764688467,1.1826601436155142,0.21373162787821365
0.96,0.0,46.04577494079587,0.02263017335336842,1.3506981569438723,1.0194179450043392,1.205529558674197,0.2140494021282762
0.96,0.0,45.87143156126441,0.020227713444110302,1.3910349962876956,1.071666575407938,1.2325341246266477,0.21502012015574642
0.96,0.0,45.70073641335135,0.020376493865558634,1.4201452084397148,1.10163334392636,1.251478800276913,0.214407375426518
0.96,0.0,45.524906670219394,0.020552839199902435,1.4255893400716,1.0965144376022613,1.2566376351548019,0.2151773015905368
0.96,0.0,45.34900515771987,0.02076780280508238,1.4102448793793607,1.0581867217315293,1.2467069234776496,0.21552308919996466
0.96,0.0,45.170271844084326,0.020876119952233128,1.3910158668446548,1.025630807727147,1.235321570924232,0.21565746441914413
0.96,0.0,44.99763099312893,0.0210357095074422,1.3627301978685749,0.9916333549101813,1.2142480868733825,0.21497416403696804
0.96,0.0,44.82449728513463,0.021194395683243262,1.3524769433374877,0.9746348843772825,1.208322301043521,0.21510213755313792
0.96,0.0,44.650129428396916,0.02126080282886905,1.3476634592349497,0.9653986569347174,1.206939721646592,0.21543369215687105
0.96,0.0,44.46868857652346,0.021395553031292713,1.3453254316631795,0.9586025777782239,1.2072219277393323,0.21639943781691584
0.96,0.0,47.23770878215557,0.021731841844906983,1.4813037893112853,1.071202995748467,1.3325298590578887,0.24046441632303517
0.96,0.0,47.05517199708258,0.004306847542042872,1.3477940902717114,0.9737627327468044,1.2138837596978802,0.2195764919243577
0.96,0.0,46.86777775532563,0.004327865829546778,1.3441367341457298,0.967819719244003,1.2121062586875244,0.22041773111805182
0.96,0.0,46.68293979008571,0.004278649663520682,1.3357950687045879,0.9584301296891374,1.205011066394169,0.21932617515538413
0.96,0.0,46.49337103832343,0.004286691964105146,1.3335994296852578,0.9550018293665116,1.2038164916239167,0.219642899780911
0.96,0.0,46.305172784553776,0.004313393395295467,1.3309985282601684,0.9506584967553233,1.2011369636540101,0.21953120961658104
0.96,0.0,46.11522213696334,0.004192352465262147,1.330000489060234,0.948823216794546,1.200377049697265,0.2192352687393503
0.96,0.0,45.92662970844844,0.004178039047866376,1.329094036219775,0.9457044044930379,1.1992053514170917,0.2190736876979115
0.96,0.0,45.73578091027342,0.0041702809801469325,1.3326320887029326,0.9465173292721659,1.20216477447094,0.21934457677290778
0.96,0.0,45.54585648241307,0.004141263237910395,1.3379181648884548,0.9490057263480178,1.2068018653656725,0.2191768163937188
0.96,0.0,45.35553803968757,0.004132433952458958,1.3456112644063338,0.952055420909328,1.2127957407963967,0.21945241761069198
0.96,0.0,45.1598387871099,0.0041335511588806205,1.3490894621616922,0.955492090243902,1.2166415538347537,0.21969078829594355
0.96,0.0,44.97045966770702,0.004121573085647874,1.3461953957365467,0.9517512934282406,1.2138455266659285,0.21885447732985744
0.96,0.0,44.78105083468669,0.00411808838712852,1.34622665722815,0.9518473043481309,1.21423578839135,0.21874249540604554
0.96,0.0,44.59221400313368,0.00417519656903221,1.3437543280475757,0.9496732074608927,1.2123805212667118,0.21858942831607767
0.96,0.0,44.40372699846276,0.004173595251614408,1.3419630432641958,0.9487423486724914,1.2112833060114734,0.21848436616557723
0.96,0.0,44.22022106337075,0.004216443938139192,1.336455239701358,0.9444266248668637,1.2069753251426696,0.21773760170694798
0.96,0.0,44.04038408867394,0.004347585696206047,1.3399496355276252,0.944418462734734,1.2085480599882295,0.21967341620324266
0.96,0.0,43.85942462731309,0.004410243333783253,1.3382163234679794,0.9428433129316964,1.207233000598532,0.21985805240416464
0.96,0.0,43.67963913026861,0.004353017044359039,1.3363239245172034,0.942124083797518,1.2058618655256703,0.21971973259006247
0.96,0.0,43.34074441880115,0.004560374549712266,1.5110325203021535,1.1004802300412733,1.3698805223273884,0.24699717773684707
0.96,0.0,43.153409812519186,0.004284180273871493,1.3372633602132888,0.9431071621744578,1.2068270992548848,0.22102603852708866
0.96,0.0,42.96423055035187,0.004292543953859837,1.3376828780800218,0.9432457198595429,1.2074466394338945,0.2215783119665032
0.96,0.0,42.770946237761564,0.0043056776830024315,1.3339282725419839,0.9421327207557687,1.2051770220239615,0.2218051705209352
0.96,0.0,42.58199539334584,0.004309278650757048,1.329612176239085,0.9386517138386813,1.2012984331839276,0.22129412885222743
0.96,0.0,42.39313698934833,0.004317598038638124,1.3300419173266798,0.9390694207963292,1.2016796199364312,0.22118051093966443
0.96,0.0,42.203766521689076,0.004327202754027703,1.3330338609058556,0.941168082851628,1.204157546341712,0.221122847438027
0.96,0.0,42.017184110842976,0.004243702148522798,1.3324488280062954,0.9407794187122941,1.2037939948117782,0.22044890829415778
0.96,0.0,41.83169853412574,0.0042477056988222675,1.3385885080316886,0.9445698143755122,1.2086951495818863,0.2203428844582637
0.96,0.0,41.638562546655436,0.0042651066346230115,1.3482495901540916,0.9524511082479393,1.217477528522098,0.22107415260097918
0.96,0.0,41.45330968886545,0.004262967025783433,1.343844466074416,0.9483216680101257,1.213244889707149,0.2197572272841755
0.96,0.0,41.26771900444292,0.004269742330667607,1.3463202265445677,0.9501532060386334,1.2156045553025885,0.2196774059034293
0.96,0.0,41.07812144965383,0.004282293806698995,1.3473233528550284,0.9518677555152734,1.2172692831518834,0.21990248594777406
0.96,0.0,40.89504600311703,0.0042816705114335106,1.3419531992444311,0.9468310314505594,1.2123596357052524,0.2189632874521844
0.96,0.0,40.7060898032616,0.004294830780277794,1.3469190152041135,0.9507772394218734,1.217229962879865,0.21971826685015894
0.96,0.0,40.51543777831292,0.004303201584107917,1.3475423574771483,0.9506872496358145,1.2178642130646395,0.21987844157890946
0.96,0.0,40.3255323850197,0.004308437375909221,1.3453533220079568,0.9481134247652276,1.2158731695895886,0.2197458341532684
0.96,0.0,40.13962387235086,0.00430991380857929,1.338067414868239,0.9416626737474711,1.2093971742722325,0.21912667460524385
0.96,0.0,39.95583434823929,0.004312526851956839,1.3336859138729042,0.937588874877862,1.2056019576675616,0.21900238708637876
0.96,0.0,39.77442061456473,0.004313696006068467,1.3279256921199838,0.9327257655956568,1.2006869414501373,0.2187493330172343
0.96,0.0,39.431262153739674,0.004695184863288191,1.5095553811953388,1.0933678581712354,1.3690087956144972,0.24552310019729076
0.96,0.0,39.24952412823253,0.004326059635131142,1.3233218279615393,0.92804571860459,1.1966745569873212,0.2192085444065237
0.96,0.0,39.06630400507981,0.004332031649211297,1.321321620368729,0.9265023905931128,1.195360444827952,0.2196279384997353
0.96,0.0,38.88613388368815,0.004330288586979362,1.3177829964585672,0.9233979073455122,1.1921150728670526,0.21930772160890113
0.96,0.0,38.70398756409569,0.004335137090382062,1.31937910630229,0.9248234244828232,1.1935756826339972,0.2195939976717458
0.96,0.0,38.5198469518778,0.00433927254768266,1.3253714228824713,0.929061692519389,1.1985789701662075,0.22008541455037192
0.96,0.0,38.32889697314105,0.004349882910890764,1.3334206103281794,0.9359255403174771,1.205857930427014,0.22092983992315773
0.96,0.0,38.144542450602984,0.00434474553438608,1.3306738868308627,0.9332704972182803,1.2028731151651326,0.22001312211334179
0.96,0.0,37.96098745470164,0.004337972637369435,1.3321302553102423,0.9338782130321129,1.203236467133367,0.21980779576948403
0.96,0.0,37.77821956864806,0.004232413731858773,1.326517291287055,0.9335672912153282,1.2016070538556582,0.21697179963363178
0.96,0.0,37.59255753295324,0.004237275930527531,1.329079747791771,0.9365291157064348,1.2043155518468294,0.21729633435726403
0.96,0.0,37.40962355915901,0.0042884626918217655,1.3248664012711022,0.9331585109485133,1.2005789467735823,0.21683949765852042
0.96,0.0,37.22739110179499,0.004289658688002058,1.3226086729943778,0.931906589251512,1.198838989700057,0.21665276348498566
0.96,0.0,37.04696481702953,0.0042892726128095785,1.320308891295123,0.9301331869960751,1.1968208588547917,0.21642664453160224
0.96,0.0,36.8661165515444,0.00429064808881617,1.3200326070023005,0.9298949173711953,1.1966164273912783,0.21652561414743313
0.96,0.0,36.682953421374776,0.004294019708880873,1.3209846164710546,0.9306922397776226,1.1975395167436198,0.21689523897603957
0.96,0.0,36.50049470292491,0.004293518249680726,1.3189695616538624,0.928917084771367,1.1957064757744071,0.21688498030215517
0.96,0.0,36.31722737675213,0.004310891794336027,1.3158089823918322,0.9256072643629554,1.1924668371756055,0.21715394485439773
0.96,0.0,36.12441602115636,0.004320549236615902,1.3226444698228186,0.9317646274179211,1.1991081325010204,0.21863013186416724
0.96,0.0,35.93573907150758,0.004316903187591385,1.3137596148104955,0.925051986757376,1.1913858575444898,0.21801208389364088
0.96,0.0,35.7534858253973,0.00439915438380803,1.3072213580607168,0.9193135713496269,1.1850770471576597,0.21766289778086342
0.96,0.0,35.57169551378493,0.004397672223126973,1.3048494324340476,0.9176837355510572,1.1831545153783949,0.21773389542882596
0.96,0.0,35.220524076896076,0.004647878916029539,1.5000326261073917,1.0919019138846673,1.3655089170655217,0.24657881598977702
0.96,0.0,35.038547688311034,0.0043964135066092425,1.304479723816733,0.9171882087592292,1.18271228083702,0.2183579316915172
0.96,0.0,34.854379298046055,0.004399193279860985,1.3059210528488916,0.9180392235593037,1.1841266839354507,0.21886337714658158
0.96,0.0,34.670757163286034,0.004426099104121154,1.306228377162761,0.9180964858469424,1.1843409806188794,0.2194908185135461
0.96,0.0,34.486609354176096,0.004450985740050625,1.3556132519352033,0.9407993688050696,1.21547038733871,0.21964995878268967
0.96,0.0,34.303518218303836,0.00444865886888601,1.3527914919385637,0.9396554298872976,1.2134277007848324,0.21958941353501962
0.96,0.0,34.11960465332334,0.004448925338513754,1.3580767891068943,0.9435787064128034,1.217649022466815,0.2197455768032788
0.96,0.0,33.933652523550386,0.004449988815615436,1.3695106744358372,0.9515816373047983,1.2267577852963043,0.22016147837284725
0.96,0.0,33.7423954431443,0.004484330211926718,1.37684459991716,0.9573899062659579,1.2323438284626735,0.22074664090850593
0.96,0.0,33.55870278810892,0.004431186032586551,1.3820610166451364,0.9573473105995496,1.2347839339579616,0.2197843760837238
0.96,0.0,33.369985852679775,0.004437089112023372,1.3844548912886927,0.9614186018539915,1.2380187369742057,0.22049522059630844
0.96,0.0,33.1864144477673,0.004432380846103206,1.3753017212220122,0.955728071847361,1.2307991608353634,0.21968060862813996
0.96,0.0,33.00237793721936,0.004434152533446221,1.3729182498959345,0.9549435946498894,1.2295435328763522,0.2197283226767126
0.96,0.0,32.81792150638996,0.004436097702078887,1.3710847830171398,0.954117476980938,1.2284677861451434,0.21971995791630006
0.96,0.0,32.633250847753935,0.004438142488290804,1.3700637349403646,0.9534072416397992,1.2277468505199873,0.2197224704673554
0.96,0.0,32.44915232293247,0.0043538071011046215,1.367187403374263,0.9507827119848233,1.2238027404029148,0.2195881113332683
0.96,0.0,32.265127462947,0.0043557873676720715,1.364994954632562,0.9490603789294084,1.2219358275069458,0.2196613288544879
0.96,0.0,32.07893035772448,0.004359708350872249,1.363517052053582,0.9483167801526954,1.2209730316655574,0.22003561936099245
0.96,0.0,31.896536509289803,0.004356265194056994,1.355378612965253,0.9422261554894066,1.2140620943420692,0.21953126241549267
0.96,0.0,31.710840894456883,0.004360136339124256,1.3544652877596643,0.9423665138358918,1.2139460417280337,0.22010800600660996
0.96,0.0,31.526155464229934,0.004358768936941569,1.3501827789346503,0.939512747116786,1.210597761386935,0.2200237570058233
0.96,0.0,31.341693653536687,0.004357900309834276,1.3487980623095597,0.9386508991399881,1.2096330811932254,0.2201050773449892
0.96,0.0,30.979222238384356,0.004691935883453465,1.5581269925669694,1.1247477353576703,1.4067224429630647,0.25057079032512075
0.96,0.0,30.79744976905404,0.004354810188023241,1.3492221643422917,0.9382054484846912,1.2092018315962225,0.22020282109300507
0.96,0.0,30.610400047052725,0.0043616967483890885,1.3565872927544358,0.9429272523555352,1.215589537648541,0.22115523137123652
0.96,0.0,30.42064853678764,0.004364503991345452,1.358798429598325,0.9448196127008578,1.2175276996300688,0.22146033023027148
0.96,0.0,30.238828294859974,0.0043555071255445684,1.3530885430450044,0.9396840987226387,1.2118626695742731,0.22036109731575323
0.96,0.0,30.055969814591542,0.004356762126409617,1.355828879431365,0.9416171798930472,1.2140648831076943,0.22051365700546485
0.96,0.0,29.87005276387262,0.00436000541646003,1.361234057103113,0.9455418738361008,1.2187162994209582,0.22099344504542864
0.96,0.0,29.678944087845593,0.0043667717106274625,1.3656058650365035,0.9492689412081713,1.2228665673194106,0.22159102860645596
0.96,0.0,29.487714610906384,0.00436797789651315,1.366820379818139,0.9498561591844651,1.2239437300929017,0.22159289731661033
0.96,0.0,29.295616759328517,0.004370580110895109,1.3672414474543013,0.9499499019369001,1.2243954608980034,0.22156924808579145
0.96,0.0,29.102890618613536,0.004372066765190172,1.3730806745384039,0.9526547042863173,1.2287946422789013,0.22193788416466345
0.96,0.0,28.908322781985376,0.004377304744366068,1.3682519075137112,0.9504562689799648,1.225330349150567,0.22157363569475774
0.96,0.0,28.723508751881774,0.004368186829916778,1.3617890146241152,0.9436832069852789,1.2187625769431951,0.220390656603097
0.96,0.0,28.536683284881526,0.004372851982985815,1.3611064225944862,0.9434025104067135,1.2183386453276754,0.22050746249568598
0.96,0.0,28.351989362713965,0.004372740425936512,1.3579130746460066,0.9408425846912017,1.2154154259284027,0.2202149449057583
0.96,0.0,28.168570723517373,0.004373016280565264,1.355962184901237,0.9392614894293159,1.2136085493632451,0.220068620534859
0.96,0.0,27.984829974963112,0.004374531038468022,1.3561281462511137,0.9393795373383672,1.2136805949555913,0.2201514128638705
0.96,0.0,27.800731113866192,0.0043758231766782,1.35690174698437,0.9399330543169832,1.214249062183436,0.22023577808224218
0.96,0.0,27.613401957897253,0.004379602088094328,1.3627677958096331,0.9442361225606781,1.2192139303788887,0.22084962371171735
0.96,0.0,27.424095864288066,0.004382534579609971,1.3648119816607374,0.9460758176472474,1.2209939491402986,0.22107067238760048
0.96,0.0,27.240637444817867,0.004376345544487363,1.361327388848751,0.9429156416622021,1.2175329304666314,0.22034411894873507
0.96,0.0,27.058302649003497,0.004374843717494581,1.362294077004914,0.9434780804479943,1.2181578789802632,0.22031787589907684
0.96,0.0,26.874617453900946,0.004375971172799439,1.36461041445265,0.945451475306378,1.2201786504670709,0.2205965236391867
0.96,0.0,26.689919503790414,0.004376652264402416,1.3657622160943539,0.9466546680565341,1.2212727059411226,0.2208181783793763
0.96,0.0,26.319113293103886,0.004728112383748436,1.5778214958719072,1.1355520074203709,1.4210721281578742,0.2534098091357588
0.96,0.0,26.136780564570007,0.004337840296955736,1.3526610855855896,0.9382114008527748,1.2111998604364531,0.22152691502625332
0.96,0.0,25.952704274743798,0.004343022975502021,1.3544498774639715,0.9378240953063508,1.212459045305199,0.2219203150429024
0.96,0.0,25.7686932866119,0.004343614387085523,1.3523924790909712,0.9356836640796741,1.2105808288506663,0.2219165414115213
0.96,0.0,25.58380213412701,0.0043455199045878586,1.3517150003780223,0.9347294634476376,1.2099491899555148,0.22203701169232112
0.96,0.0,25.399678915972192,0.004345975943923296,1.3492078455757737,0.9325684933127788,1.207729229561796,0.22183411646786658
0.96,0.0,25.216394495908627,0.004346068811189696,1.3494192361921182,0.9321837365437521,1.2077279366409825,0.2217506312610754
0.96,0.0,25.034543145278697,0.004345025284442048,1.3495467247951594,0.9317273326770009,1.207544764263958,0.22144804995859832
0.96,0.0,24.8485076916901,0.004350366532238488,1.3572588129990908,0.9372587471725434,1.2141261027687285,0.22205989306254661
0.96,0.0,24.662859540672795,0.004350482398700712,1.3594913028402242,0.938670829681583,1.215697094764935,0.2218113771868987
0.96,0.0,24.47887308508774,0.004349661073218182,1.362461479994584,0.9404865921479889,1.2177861685144746,0.2215582031642919
0.96,0.0,24.29261519634394,0.004402074806985915,1.3693167290608574,0.9450221955210579,1.2230265521309454,0.22188880546362436
0.96,0.0,24.100098542190217,0.004409601822244981,1.3781879143992253,0.9523596079052271,1.2307471822053277,0.2227349698877412
0.96,0.0,23.906670428491875,0.004411343900837311,1.3806886077392668,0.9545593644991158,1.2328146898375405,0.22285165674986832
0.96,0.0,23.7168028506949,0.004409533965181168,1.37496294309535,0.9505691121370443,1.2278122099986826,0.22217625937668195
0.96,0.0,23.536204836442757,0.004400069799488338,1.3678299905291047,0.9440842482030948,1.2210557139448717,0.22102647151648994
0.96,0.0,23.35256499317201,0.004403645274471596,1.370099184159046,0.945795835151226,1.2231122606482923,0.22150336440609097
0.96,0.0,23.170513137854176,0.0044020730192408175,1.367432678400758,0.9434061277522985,1.220715490540354,0.22133006598186122
0.96,0.0,22.987900928132003,0.00440267091904381,1.3667468798625944,0.9426701728635895,1.2201638375196275,0.22151282065905853
0.96,0.0,22.80543742716808,0.004402541928809157,1.3646085085548165,0.940892887046551,1.2183218176276434,0.22155960358849489
0.96,0.0,22.62302531527432,0.0044025990109270155,1.362994416212078,0.9396002563745877,1.2169631920379067,0.22166711030786482
0.96,0.0,22.43970611634668,0.004403805402309087,1.3622358708000626,0.93913920679495,1.2163809310074605,0.22188020475371475
0.96,0.0,22.257132239364065,0.004403228925897383,1.3605273537555274,0.9378989709268928,1.214867990627518,0.22184163172781202
0.96,0.0,22.07482024246856,0.004403250549148413,1.3602228903289573,0.9377312248634594,1.2145347935679434,0.22187029088662294
0.96,0.0,21.886676569436773,0.004409627587012021,1.3686754804578858,0.9441750632652209,1.2218296404187652,0.22290035005943912
0.96,0.0,21.501655676299045,0.0048226199918057445,1.6094095039191292,1.152825611854664,1.4432758245824184,0.25751199248849505
0.96,0.0,21.31922913647012,0.0044080899386566555,1.3613355589309712,0.9391673783125011,1.2155081874757219,0.22216647935846534
0.96,0.0,21.134795512480487,0.0044142187174867065,1.3643018395511148,0.9401635790073,1.2179044877108218,0.2225358397623087
0.96,0.0,20.95139532568376,0.004413715836395784,1.3639834411242184,0.9394156426669604,1.2174598876426954,0.22236755639333425
0.96,0.0,20.76686499888054,0.004415721095779631,1.3658721708260886,0.9405228362665273,1.219012615728298,0.22247831913647972
0.96,0.0,20.57518839013,0.004425084469389633,1.3743265217917935,0.9469471053411821,1.2264829933896129,0.22354647405438655
0.96,0.0,20.3850190079025,0.0043968725891327986,1.3763751288532386,0.9486796767463944,1.228431417869132,0.22324243719049222
0.96,0.0,20.19248037995093,0.004399241530136503,1.3849807486653047,0.9536283064372241,1.2350141766326,0.22384649388158825
0.96,0.0,20.001346610729485,0.004396146051053024,1.3827304709650365,0.9523899300325271,1.2333259764555737,0.22323535465748698
0.96,0.0,19.80928228937101,0.004398518519076153,1.3843344000546747,0.9535743801330239,1.2346893408614443,0.22330695034645529
0.96,0.0,19.618955586546093,0.0043974975666435795,1.3831360156332455,0.9521237995017128,1.2332941491106715,0.22313768552851723
0.96,0.0,19.429579949783047,0.004397168375100543,1.3815247399269268,0.9506810138679124,1.2316618302889897,0.22292748547102095
0.96,0.0,19.244927166694342,0.004392902636629453,1.378125821503823,0.9474753158176243,1.2283445649633948,0.22237073660110443
0.96,0.0,19.06096087004947,0.004392577090210909,1.3775530400791183,0.946763013448964,1.227681211733158,0.22230101656524126
0.96,0.0,18.878087750724916,0.004391672609529493,1.3765302058317188,0.9457824442003385,1.2266554799243905,0.22218336373074735
0.96,0.0,18.695217179322512,0.004392082048393236,1.3765905264065728,0.9457284240687435,1.2265939922056435,0.2222434243468693
0.96,0.0,18.506327861786225,0.004398981171733269,1.3840613839951768,0.9515520441963877,1.233144487497265,0.22331375159798963
0.96,0.0,18.32121027222448,0.004394739111016807,1.3792403336364751,0.9478994144436031,1.2288053842702424,0.22266634450974596
0.96,0.0,18.13840493013548,0.004392623170223851,1.3774981375408801,0.9465608386438298,1.2271444600435557,0.22243317232680396
0.96,0.0,17.95454547509923,0.004393932701478374,1.3794816446276645,0.948235397756171,1.2288313318574622,0.22270760993435637
0.96,0.0,17.768290700419183,0.004397138297748927,1.3823414115492352,0.9507913675238027,1.2313230402788233,0.22310072848810902
0.96,0.0,17.58028615809139,0.0043996365779958415,1.3847643810954626,0.9530514368193149,1.2334903067686236,0.22343659024403587
0.96,0.0,17.389549135953676,0.0044029139146492145,1.3883678165145639,0.9562280258793798,1.2367335157657084,0.22393735835371917
0.96,0.0,17.200171687671325,0.004402776902525851,1.384377398182967,0.9539588439777086,1.2334788463465622,0.22359947054902188
0.96,0.0,17.019925883236144,0.00439286813669804,1.3763908427021414,0.9474127412871369,1.2261766443161943,0.22238102380108662
0.96,0.0,16.839215438614342,0.004393790437381398,1.3764731279057065,0.9478040120022061,1.2263437970408664,0.2224467618894794
0.96,0.0,16.448238220397783,0.004834530462249637,1.623178020492169,1.1658813821737013,1.4544859116089877,0.26003344738041806
0.96,0.0,16.266628555987328,0.004400235825106453,1.3712572723090852,0.9447255964241902,1.2223678482082458,0.22282750598874076
0.96,0.0,16.085068167706062,0.004404011717057589,1.3682688335400008,0.9413054905055329,1.219936535614255,0.22289943336742069
0.96,0.0,15.902105387951854,0.004405881079878862,1.365706645102369,0.9396120238130966,1.2181334133246693,0.22311552902107415
0.96,0.0,15.713060708015162,0.004413444142663506,1.3693046346142703,0.9427549944003347,1.221733093133121,0.22404969447261605
0.96,0.0,15.52907972229479,0.004407029835711471,1.3635423307308734,0.9380219600562342,1.216587733572222,0.2232311924964259
0.96,0.0,15.344712574508257,0.004407952289129789,1.3640909520464166,0.938375304413492,1.2170235932797875,0.2232229951939861
0.96,0.0,15.155413799206965,0.0044143255752962934,1.3725760183355344,0.9445510785803369,1.224250630966196,0.22405526483065055
0.96,0.0,14.972900570812477,0.004405807952247239,1.3695780556271107,0.9414054195260801,1.220983601392028,0.2229591756321433
0.96,0.0,14.789568946094336,0.004406893261543656,1.3744096250342028,0.9447327975018891,1.22483205413563,0.2230739164592521
0.96,0.0,14.603555483466513,0.0044103353568866665,1.3804159051373357,0.9492678928656587,1.229861973405382,0.22349391642536398
0.96,0.0,14.420314437846086,0.004406860841509017,1.3799007310690001,0.9487230817987512,1.2291599974169707,0.22307487194130002
0.96,0.0,14.234882629890889,0.004410240527894591,1.3817180806912337,0.9505926475011656,1.2308952919766185,0.22336503886391298
0.96,0.0,14.05440883282353,0.004404850673536715,1.3771043069087556,0.9468347069557647,1.2267022043185218,0.2226755784899496
0.96,0.0,13.873300665426976,0.004405997517498844,1.377852789348994,0.9472414699673134,1.2272996465133295,0.2228362424669812
0.96,0.0,13.688035814968865,0.0044119911032301515,1.3816302713697795,0.9498929655576194,1.230560781984735,0.22359568124549714
0.96,0.0,13.497769857145572,0.004418215369069945,1.3848171422423927,0.9528823853627891,1.2335543465951202,0.2241473135317468
0.96,0.0,13.315885732752864,0.004409801478701396,1.3742388787436592,0.944285711439201,1.2241585697146238,0.22307685263857327
0.96,0.0,13.134597956230335,0.004409459999383606,1.3729340684248188,0.9430490952845817,1.2229793015185246,0.2231830560775235
0.96,0.0,12.951562077188436,0.0044126675170205795,1.3709229861574894,0.9421322433910039,1.2215716315583203,0.22341304828585673
0.96,0.0,12.768825694428578,0.004411788755802933,1.373857877876124,0.9432255659707982,1.223643427922779,0.2237915043848601
0.96,0.0,12.579298806740033,0.004420331043509874,1.3779726042260343,0.947927032412056,1.2276465347472045,0.22462936555992993
0.96,0.0,12.389717043972206,0.004421817142427575,1.374734574663807,0.9462732105456843,1.2254076689365834,0.22449076216917052
0.96,0.0,12.206368302871706,0.004503524479470612,1.368978236974132,0.9424195199090747,1.2216534078798489,0.22369561887250863
0.96,0.0,12.022760550635295,0.004416140197865431,1.3736768281160125,0.9453191413080608,1.223988577838054,0.2239762403369421
0.96,0.0,11.82974952714646,0.004515221116071892,1.3839533359940626,0.9547181344351564,1.2348067311372442,0.2253067686990259
0.96,0.0,11.638678511043421,0.004514043828212891,1.3822434572794087,0.9539894918975055,1.2333482812385526,0.2249732662463649
0.96,0.0,11.237595797632977,0.0049656493879600755,1.6373292061873237,1.1806262193492174,1.4703203836864864,0.2639849919519646
0.96,0.0,11.057507059445797,0.004506643224711921,1.3626228830205214,0.9410717578790107,1.2171977016688535,0.2235630702486059
0.96,0.0,10.874685055206939,0.004514976674418583,1.3657227409219816,0.9414786718518503,1.2197213531049667,0.22410375884868475
0.96,0.0,10.691557710403432,0.004515794162626125,1.3635046580376315,0.9394901954288098,1.217934024199232,0.22415572422319027
0.96,0.0,10.508398992672372,0.004516462237312114,1.361122565529528,0.9374712083047728,1.2159840647477707,0.22414376502401478
0.96,0.0,10.325231528935266,0.004517192669619319,1.3598449643312789,0.9362083674543581,1.2149001887823607,0.224157925457895
0.96,0.0,10.14281377042641,0.00451716311396285,1.3582148046488147,0.9347006707263411,1.2134224409696786,0.22399926976544135
0.96,0.0,9.959517604997155,0.0045189734894415185,1.3607680718855437,0.9361161943296826,1.215444352757871,0.2241992666471918
0.96,0.0,9.775420575512259,0.004520424433343468,1.3636268082440852,0.9378224013882179,1.2176682307190008,0.22428816711291918
0.96,0.0,9.590082375118348,0.004522736133639702,1.3682778281063206,0.9407981599424048,1.2213514165058414,0.2244955569224025
0.96,0.0,9.4007047350173,0.004528151808341495,1.3773354774613005,0.9470990505636773,1.2288358184355048,0.2251911030356152
0.96,0.0,9.210232147833885,0.004529847145181075,1.3816758432437926,0.9501334817012802,1.2322815975244168,0.22530415549934593
0.96,0.0,9.020623686682205,0.004528899666830057,1.3848560179314122,0.9519934326351461,1.2345910790172807,0.2252353964163781
0.96,0.0,8.830824470945572,0.00453029063417682,1.3850806744257191,0.9524525419119727,1.2347357122256655,0.2251590940411925
0.96,0.0,8.641737530046843,0.004530922583690005,1.3860124253902846,0.9529313357997583,1.2353429940410776,0.22519704998439014
0.96,0.0,8.453185584066631,0.00453128567369493,1.3857516908849934,0.9525944128118536,1.2349930379744205,0.22516737182753374
0.96,0.0,8.263671499135677,0.004533815503891668,1.3863057589669252,0.9529720937576603,1.2354610050292678,0.22539460310879755
0.96,0.0,8.075983383444765,0.00453278579397337,1.3836201289860448,0.950736598592178,1.233047412508695,0.22520106492614103
0.96,0.0,7.886615525364044,0.004537102323836271,1.3826548094222364,0.9504139332046283,1.2324345607704241,0.22551539298068982
0.96,0.0,7.70464959396956,0.0045288669791840866,1.3746302220943276,0.9438627995943681,1.225230799314094,0.224568467342295
0.96,0.0,7.5227914481773395,0.004529569068145196,1.372377890346627,0.9425367556578497,1.2234599616329913,0.22459389134892885
0.96,0.0,7.341554108609198,0.004529721007139074,1.3706448547103696,0.9415676273318239,1.222080411276116,0.22459628301877602
0.96,0.0,7.1582573576456445,0.004533147426485128,1.372278301070301,0.9433260729999714,1.2236879935548493,0.22499618693383527
0.96,0.0,6.976779280660847,0.004531518284367427,1.3706779027923208,0.9424001642612182,1.2222944748330542,0.22476356581863813
0.96,0.0,6.79481805434275,0.00453287873531072,1.3720300820062032,0.9438487967740473,1.2235140561330609,0.22488014404359327
0.96,0.0,6.613930093648929,0.004532123439331073,1.3723714197861832,0.9444150076153677,1.2237666519215933,0.2247495234739788
0.96,0.0,6.431629431917171,0.004534524049619806,1.3752956787462127,0.9471300124550618,1.2263823578266917,0.22499557635886558
0.96,0.0,6.249326721130351,0.004534945792745511,1.3765362542880648,0.9484877671358122,1.227507545221295,0.22501350943774265
0.96,0.0,6.067879313648219,0.004534305145150452,1.3760433424690743,0.9485726128448695,1.2271836005178678,0.224868883363463
0.96,0.0,5.664456641688414,0.005014757765573614,1.6484900504704987,1.1910937419940004,1.4800812127138245,0.26739436022274704
0.96,0.0,5.48573235604332,0.0045360898430440305,1.3637747905660274,0.9407485703438331,1.2176543917671514,0.2247396326446206
0.96,0.0,5.306374444789975,0.004541894184684402,1.363258956094916,0.9381850181191584,1.2171054759615993,0.22499333057751306
0.96,0.0,5.129114148100485,0.004539923368392458,1.3558669691002747,0.9325279093662754,1.21100865739005,0.22466576945065095
0.96,0.0,4.952671931032126,0.004539426084423626,1.3523792934383545,0.9296707775221824,1.2082125276488838,0.2246984788429475
0.96,0.0,4.775783370470084,0.004540060996447465,1.3510679428070935,0.9285591774141891,1.2072482742238542,0.22482128963528333
0.96,0.0,4.599454235330918,0.004539981903357262,1.3502543069150301,0.9276778931687614,1.2065096448114916,0.22477766502875662
0.96,0.0,4.424501162911121,0.004539336145403606,1.3506397857330612,0.9275337304002855,1.206629908547178,0.22463098234548295
0.96,0.0,4.251200640742639,0.004537850151771071,1.3565684083695473,0.9301140763343579,1.2109045281104511,0.22452505117527685
0.96,0.0,4.072608057934543,0.0045473025125901435,1.3629763462456077,0.9359720057627406,1.2166706811773456,0.22509064611829166
0.96,0.0,3.8972399948854584,0.004544847196405219,1.3660736141121141,0.937431348438737,1.2187511749187288,0.22485560792117654
0.96,0.0,3.7232060723033253,0.004544967279440408,1.3690275395655627,0.9395725156200968,1.2209892891866752,0.22477993034143043
0.96,0.0,3.5504798203092216,0.004545536502733523,1.370666785088208,0.9410391797380319,1.2222799099775807,0.22475214125205967
0.96,0.0,3.378335856649538,0.004547326336595295,1.3719932574953078,0.9424167756331311,1.2234288351801423,0.22487738264707816
0.96,0.0,3.2082519148075326,0.004547915806417821,1.3706220392485575,0.9416930720846887,1.222272916888451,0.22476745645371565
0.96,0.0,3.0397205022259386,0.004549557512431311,1.3702547904686802,0.9414896258781694,1.22193688762348,0.22483255424463913
0.96,0.0,2.8735019156121164,0.00455062051954857,1.3690087540765452,0.9403449897589612,1.2207578040007787,0.2248278064327339
0.96,0.0,2.707120833724358,0.004554067070919899,1.3742623189713943,0.9432988559609515,1.2247011462537938,0.22545796831923448
0.96,0.0,2.5417124825688173,0.004557458008751509,1.3735374941204768,0.9432015810274116,1.2242504937043568,0.22565725797753922
0.96,0.0,2.377417558771663,0.00456250453524021,1.3713645780306989,0.9421916978121107,1.222856002257731,0.22600416340013174
0.96,0.0,2.220804259040985,0.004559951867484763,1.3642149089310802,0.937003667212211,1.216763599148167,0.22552026861535812
0.96,0.0,2.070650936467976,0.004558634668477541,1.360323525387689,0.9343138945334927,1.2134751402699586,0.22534979670437236
0.96,0.0,1.9224214405028024,0.004565795699455374,1.3638674656950551,0.937753403843721,1.21693767815814,0.22619350700091215
0.96,0.0,1.7851390629437616,0.004560454673997246,1.3582071789864674,0.9337513093218844,1.2120323816128522,0.22548398439899853
0.96,0.0,1.660554082623808,0.004561895371476581,1.3591841720903612,0.9349395338220273,1.2129775876914946,0.22562405045603787
0.96,0.0,1.548004247443681,0.004565162404001548,1.3640319582041263,0.9389589555099555,1.2172533340347251,0.22611764427534634
0.96,0.0,1.4595302679393056,0.004565946908392466,1.3647807845202091,0.9401292838698319,1.2179882659755252,0.226031493556572
0.96,0.0,1.3955878961605648,0.004561368364623344,1.3626997277323991,0.9387868938134619,1.2160770773746823,0.22548060326705988
0.96,0.0,1.3537405196300252,0.004561044121631088,1.3635153464568732,0.9398611435566225,1.2168633250962746,0.22541645607892632
0.96,0.0,1.3648141092414208,0.004561963053636935,1.3648394752404702,0.941362546666153,1.218181997881235,0.225526211811825
0.96,0.0,1.4247004322333112,0.004561597490638339,1.3666485644100588,0.9428153449108759,1.2198107631748505,0.2256537975264039
0.96,0.0,1.6432122383804586,0.005090943654013881,1.6818935208002508,1.2188957193657937,1.5103049836174722,0.2740087374786986
0.96,0.0,1.7629972617256617,0.0045718715907651555,1.3582481737731822,0.9370290658246567,1.2136060328328089,0.22643443936319604
0.96,0.0,1.8968745966273006,0.004582602527873042,1.359404592975695,0.9352588212456866,1.2145847041194224,0.22716045107643956
0.96,0.0,2.0414387203626743,0.004582788343337835,1.3539021380832388,0.9307923336638281,1.2102038022171484,0.22724398979177482
0.96,0.0,2.1962671190036733,0.0045837341953358255,1.3490704082882345,0.9270853727838774,1.2063593840129918,0.22730802674696995
0.96,0.0,2.354653652511479,0.004581762442125768,1.341730673904283,0.9216855374583828,1.2001819536161915,0.22683937210476024
0.96,0.0,2.5110908682114106,0.004573038539481063,1.3353173976077406,0.9160456164618039,1.194226997163242,0.22589270721621293
0.96,0.0,2.6719436301473594,0.004575276946130943,1.3380467381484566,0.9176255680185682,1.1963699008900055,0.22603083908951985
0.96,0.0,2.8359011224244735,0.004632106856628124,1.3913723284446238,0.9455405059768051,1.2278729933681867,0.22608785579561874
0.96,0.0,3.000877294874169,0.004629392300066951,1.3899938946020194,0.945417827801807,1.2282603091765651,0.2259549596471453
0.96,0.0,3.167026504597914,0.004629608489723676,1.3949339692853269,0.9484265073336401,1.2325857701999945,0.22612544364457124
0.96,0.0,3.3356703237852723,0.004682261490062484,1.4028130301993051,0.9527477663950344,1.2389380702494217,0.22660805515674545
0.96,0.0,3.513636073453397,0.004697534823250827,1.4186073411267186,0.9635809054259519,1.2515991784913827,0.228085286963472
0.96,0.0,3.6992283745397767,0.004712814251214783,1.4326101572205958,0.9725213711131055,1.2622424392407154,0.22942857147353565
0.96,0.0,3.885148778380682,0.004718147479201677,1.4376267644484695,0.9738435420879864,1.2648974682371665,0.22950507423170552
0.96,0.0,4.073474232039881,0.004727056367662679,1.446279459906993,0.977167385224884,1.2704141695024969,0.22994881156013966
0.96,0.0,4.253492052306638,0.004720139341363735,1.4366451780482865,0.9676308396124931,1.2612447456985352,0.2285416633324421
0.96,0.0,4.427699908541353,0.004716524346364682,1.4306600049601235,0.9610202933791413,1.25547676854439,0.22781423749849103
0.96,0.0,4.604330967592508,0.004722665717415325,1.43345535508937,0.961424860857914,1.2576118802220955,0.22841612021797694
0.96,0.0,4.791668598841515,0.004739748218546117,1.4421718504924756,0.9676631305415296,1.265669359987437,0.23027571843624065
0.96,0.0,4.976831175410749,0.00473759201580077,1.4331146188072614,0.961753870864721,1.2591887538383189,0.23002204152478378
0.96,0.0,5.164291956559437,0.004741877752765412,1.434550231093997,0.963082635556351,1.2612945423584112,0.23073646898517952
0.96,0.0,5.354277580402835,0.004743297348674113,1.4340558755558888,0.9638946621703162,1.2617906578074813,0.23104841536156476
0.96,0.0,5.540909465691451,0.004737421188626959,1.43182848054824,0.9629043690293559,1.2603543870812672,0.2306341453414115
0.96,0.0,5.730515008733978,0.004740021827068374,1.4381594635441417,0.968328557965497,1.2660756101267208,0.23112593228157963
0.96,0.0,5.91704238689786,0.004733779806013026,1.4345229235607713,0.9670633548802358,1.2635120979769787,0.23043477539979307
0.96,0.0,6.096572712672111,0.0047216264624818155,1.4278073353576746,0.9630596032515085,1.2581249592681967,0.22925889216911988
0.96,0.0,6.276278960210656,0.004719035642133323,1.4269486408395666,0.9637726376158559,1.2579921906276266,0.2291051373605154
0.96,0.0,6.458157793383364,0.004719193365086847,1.4264472987745211,0.9648422656457267,1.258345645048758,0.22924327600997343
0.96,0.0,6.638546475619878,0.004714320469163252,1.421535664659217,0.9620452628210437,1.2548052751356198,0.22879566613233995
0.96,0.0,6.819622352537436,0.004712751293535771,1.4198653191536728,0.9610505746361236,1.253865323635904,0.22874420021093425
0.96,0.0,7.250978831570368,0.005199395476997044,1.645231804931903,1.1898148008422733,1.4888196796785493,0.278857757933442
0.96,0.0,7.430122615601212,0.004705083205439368,1.394459223874079,0.9424794542672911,1.2350976479230453,0.22849548789258867
0.96,0.0,7.612157555200995,0.004712793189503411,1.3806233586482672,0.933023092445528,1.2245893542664896,0.22919058660304947
0.96,0.0,7.794246391488207,0.004711643511833376,1.3649901245960994,0.9239295484365995,1.212649727895511,0.22913134227118906
0.96,0.0,7.97677029419505,0.004711916173046148,1.3570191018674258,0.9193573535733833,1.2065167187273336,0.22916039698349977
0.96,0.0,8.161688179946747,0.004716002410859707,1.3571758942477512,0.9197795398959282,1.2067332724310602,0.22950098013479214
0.96,0.0,8.349095378565233,0.004721085307175333,1.3639835506304632,0.924019646816468,1.212044591391401,0.22995455034003087
0.96,0.0,8.535711329643856,0.004721795890765442,1.3706547811176677,0.9277540002817076,1.2169079598372066,0.22983271641088954
0.96,0.0,8.71808396120285,0.004718019453442837,1.3752481500550553,0.9300504388002374,1.219906589538457,0.2291554715762344
0.96,0.0,8.900308740776538,0.004761486754274988,1.3788010876743,0.9335928965463838,1.2244808526398094,0.2292332515291574
0.96,0.0,9.081931804062844,0.0047225936196038,1.3885021995632236,0.9399254363517535,1.2301356877470406,0.228987638616395
0.96,0.0,9.267547022765097,0.004774166895322646,1.3880769568498588,0.9425581820167855,1.232056641464854,0.2298059801819858
0.96,0.0,9.447686101872183,0.00477000866026575,1.3794447358869562,0.9375665067935547,1.2247215331615566,0.22887444853689556
0.96,0.0,9.628286999962643,0.004733526609191149,1.3863059867835685,0.941227981865361,1.2279544582893165,0.22894194669455137
0.96,0.0,9.810719901922896,0.00478021364176313,1.3844149486956365,0.9405370427050631,1.2280034504915782,0.22929931101269252
0.96,0.0,9.999892722826234,0.0048672809112597975,1.3912027330638441,0.9443636673057116,1.232938626518652,0.2301642156011612
0.96,0.0,10.180230936895818,0.004858148854999259,1.3821890912867312,0.936362832652486,1.2246276897056791,0.22889217489846148
0.96,0.0,10.360494130358644,0.004859965552357479,1.3830107867596313,0.9355714941561898,1.2248679222206484,0.22898908460598869
0.96,0.0,10.540539532656133,0.004860633591999521,1.3810433592668125,0.9333347552155171,1.2230618712226071,0.22898306421161374
0.96,0.0,10.72214971117534,0.004863535887374828,1.3802683082036877,0.9323756805063335,1.222481444456154,0.22928142392050074
0.96,0.0,10.90403879848751,0.004863958112759988,1.3771203172492952,0.9301585261031392,1.2200937927765605,0.2293309871786869
0.96,0.0,11.088116528887413,0.004867432082428719,1.375757580314793,0.9297289138713976,1.2193693242267385,0.22965274057895027
0.96,0.0,11.279387129870525,0.004878195603142297,1.3824846883549888,0.9350876757261409,1.2255112651488418,0.23082428926998408
0.96,0.0,11.470089427546178,0.004877319139684115,1.3801405601276004,0.9340925197985248,1.223966585665537,0.23067181321944719
0.96,0.0,11.66004217400086,0.004876359257969421,1.3790138319775964,0.9339844684220454,1.2234539646517848,0.23050680574524784
0.96,0.0,11.84423319632329,0.004867269845189471,1.3733576057392698,0.9304374941945251,1.218987127453341,0.22953579383512412
0.96,0.0,12.0351148009947,0.0048756150338455945,1.386997675117417,0.9400172355474132,1.2303957277958035,0.2306747513994729
0.96,0.0,12.225611678384912,0.004872830657693378,1.3860231329169397,0.9412291087967884,1.230606955808514,0.2303128865093662
0.96,0.0,12.415215807046739,0.004871923201810883,1.3834362099725361,0.94068510086495,1.2290804828505852,0.2300204497536027
0.96,0.0,12.601166033885669,0.004868063802096075,1.3790849878493858,0.9381913624441737,1.225782999953189,0.22949723441769213
0.96,0.0,12.785575548201843,0.004863287177351405,1.3802001339940897,0.9391070809747187,1.2271007313963147,0.2292725248313164
0.96,0.0,12.973872935629723,0.004869996658697791,1.3806658569967192,0.939766999870692,1.2277217037887762,0.2296916770538645
0.96,0.0,13.421951101413267,0.005333443302566175,1.6361705707350536,1.1860279736623065,1.4910674734290967,0.28173548648207913
0.96,0.0,13.598409859949879,0.004814634609245311,1.3481384885174468,0.9156814652867146,1.202888565935769,0.22882835642149904
0.96,0.0,13.777634172107797,0.00486612248100324,1.345608678204112,0.9112653356424927,1.200036245133188,0.2296805686685199
0.96,0.0,13.958282407176535,0.004868113062170794,1.3386810366405573,0.906365313969089,1.1944699158398222,0.22992778429630542
0.96,0.0,14.138841266308184,0.004868914918868958,1.3331001617894165,0.902311550101004,1.1897154386511808,0.22994767331421181
0.96,0.0,14.322352832158062,0.0049484857773033275,1.3377628311261736,0.9043304008169324,1.1921088049815736,0.2305292045841624
0.96,0.0,14.505287906706469,0.004910265262498642,1.337794060089067,0.9037165564725274,1.1919456588545865,0.23031004929468676
0.96,0.0,14.686083320131267,0.004910080129354276,1.3411377483780578,0.9050120188335029,1.193984903644349,0.230179215398747
0.96,0.0,14.867378229036557,0.00491296757968076,1.3480526618132227,0.9092114332083723,1.1991771109585037,0.23028082148218187
0.96,0.0,15.049042158897842,0.004915988865129277,1.355548746114027,0.9142065206604495,1.2049739630500629,0.23035394973881188
0.96,0.0,15.230412059613128,0.004917489871074936,1.3629520613456654,0.9194853940666666,1.2108059095354609,0.23038111368361736
0.96,0.0,15.416269817325132,0.004925685801844782,1.372936793752778,0.9275663899200381,1.2191819831417765,0.23106554097661022
0.96,0.0,15.60202040553352,0.004927382698149792,1.3743696134492591,0.9300922044783326,1.2204442966653617,0.2310112102318068
0.96,0.0,15.788315841904053,0.004930197572840639,1.3747893182822437,0.9318649495707615,1.2208781576409968,0.23105783329969765
0.96,0.0,15.97416757123768,0.004931271939339327,1.3743545483749198,0.932402883345822,1.2204314352344663,0.2309682372405659
0.96,0.0,16.159525798551403,0.004931361681414861,1.3748822675674541,0.9328867171309252,1.2206154014808743,0.23088656134398644
0.96,0.0,16.35289146148956,0.004941672483285932,1.3883839574781776,0.94201692336787,1.2319114291686455,0.23214034696914965
0.96,0.0,16.54997093776412,0.004947371806185743,1.3885405785637557,0.9420897206501109,1.2318569721646988,0.23253052585774459
0.96,0.0,16.741557573871393,0.0049395476556268044,1.383004197769055,0.9371254885095207,1.226846314285908,0.2319770787940667
0.96,0.0,16.934143990244312,0.004939242197852577,1.3814002285998808,0.9356995107004672,1.2255432083295965,0.23215718535366436
0.96,0.0,17.12903072232266,0.004940529295342775,1.3815816566327526,0.9356269947253592,1.2258256739825704,0.23265064673287172
0.96,0.0,17.321763640791097,0.004934842325699723,1.374865684038241,0.9310909868833422,1.2203786401404602,0.2323243258811097
0.96,0.0,17.512875966888963,0.004930683672774603,1.3687786790289056,0.9272943677223023,1.2154988977303156,0.2320600453773758
0.96,0.0,17.705355541412676,0.004992975425100031,1.3679437739443554,0.9268913428103768,1.2149712141390119,0.23193622227903035
0.96,0.0,17.89291727140265,0.004925080136595044,1.3584981670203602,0.9213702996201601,1.2073374201514093,0.23143358859573512
0.96,0.0,18.076756182729376,0.004919851759318889,1.3557726680595892,0.9196013169581203,1.20510231719359,0.23100491799036674
0.96,0.0,18.26016895347334,0.004917408118640279,1.3566699246116825,0.9202243879137337,1.2060782561223162,0.23089766767904332
0.96,0.0,18.45007428525785,0.004990834387476391,1.3631778492256723,0.9262595887907406,1.2120268410891237,0.23117316788404674
0.96,0.0,18.63442328184769,0.004921739259397676,1.3610537623626575,0.9248383413088693,1.2102999026221546,0.2308005281827515
0.96,0.0,18.82768989657837,0.00499677515072832,1.372982058252212,0.933966726500728,1.2208192481846174,0.23168888683816058
0.96,0.0,19.019930248799184,0.0049355193271321375,1.372979511893788,0.9349637570544127,1.2211322991043028,0.23184025498508065
0.96,0.0,19.21180924529752,0.004936538853771333,1.3734263184507667,0.9357904409223493,1.2216705790541085,0.23175837395307275
0.96,0.0,19.40708533793771,0.004943437042656796,1.3783667043725751,0.939491991134342,1.2258903826143572,0.23228136969649404
0.96,0.0,19.599592342591986,0.004941883263644053,1.3739469383564569,0.936310971995153,1.222019731692773,0.23178384686432654
